card_id	name	kind	verdict	effect_text	mods	rationale
28	Poltchageist	ability	0	As long as this Pokémon is on your Bench, prevent all damage from and effects of attacks from your opponent’s Pokémon done to this Pokémon.		0: full immunity/Sturdy/probabilistic prevention is explicitly out of scope.
36	Morpeko	ability	0	Once during your turn, you may look at the top card of your deck. You may discard that card.		0: inspected; no in-scope static HP/damage/weakness/resistance/retreat modifier.
37	Iron Thorns ex	ability	0	As long as this Pokémon is in the Active Spot, Pokémon with a Rule Box in play (both yours and your opponent’s) have no Abilities, except for Future Pokémon. (Pokémon {ex}, Pokémon {V}, etc. have Rule Boxes.)		0: user decision — ignore Iron Thorns ex suppression as irrelevant to our deck.
44	Bloodmoon Ursaluna ex	ability	bake	Blood Moon used by this Pokémon costs {C} less for each Prize card your opponent has taken.	attack_cost_per_prize_taken=-1, scope=self	Implemented in stat_bakes.py.
49	Feraligatr	ability	bake	Once during your turn, you may put 5 damage counters on this Pokémon. If you do, during this turn, attacks used by this Pokémon do 120 more damage to your opponent’s Active Pokémon (before applying Weakness and Resistance).	damage_dealt_delta=120, scope=self	Implemented in stat_bakes.py.
56	Flutter Mane	ability	0	As long as this Pokémon is in the Active Spot, your opponent’s Active Pokémon has no Abilities, except for Midnight Fluttering.		0: user decision — ignore Flutter Mane suppression.
57	Relicanth	ability	0	Each of your evolved Pokémon can use any attack from its previous Evolutions. (You still need the necessary Energy to use each attack.)		0: inspected; no in-scope static HP/damage/weakness/resistance/retreat modifier.
66	Dudunsparce	ability	0	Once during your turn, you may draw 3 cards. If you drew any cards in this way, shuffle this Pokémon and all attached cards into your deck.		0: inspected; no in-scope static HP/damage/weakness/resistance/retreat modifier.
72	Sawsbuck	ability	0	Once during your turn, you may search your deck for a Stadium card, reveal it, and put it into your hand. Then, shuffle your deck.		0: inspected; no in-scope static HP/damage/weakness/resistance/retreat modifier.
74	Rabsca	ability	0	Prevent all damage from and effects of attacks from your opponent’s Pokémon done to your Benched Pokémon.		0: full immunity/Sturdy/probabilistic prevention is explicitly out of scope.
75	Iron Leaves ex	ability	0	When you play this Pokémon from your hand onto your Bench during your turn, you may switch it with your Active Pokémon. If you do, you may move any amount of Energy from your other Pokémon to this Pokémon.		0: inspected; no in-scope static HP/damage/weakness/resistance/retreat modifier.
79	Incineroar ex	ability	bake	Attacks used by this Pokémon cost {C} less for each of your opponent’s Benched Pokémon.	attack_cost_per_opponent_bench=-1, scope=self	Implemented in stat_bakes.py.
80	Iron Crown ex	ability	bake	Attacks used by your Future Pokémon, except any Iron Crown {ex}, do 20 more damage to your opponent’s Active Pokémon (before applying Weakness and Resistance).	damage_dealt_delta=20, scope=your_side, condition=holder_is_future_not_iron_crown	Implemented in stat_bakes.py.
81	Drilbur	ability	0	When you play this Pokémon from your hand onto your Bench during your turn, you may search your deck for up to 3 Basic {F} Energy cards and discard them. Then, shuffle your deck.		0: inspected; no in-scope static HP/damage/weakness/resistance/retreat modifier.
83	Farigiraf ex	ability	0	Prevent all damage done to this Pokémon by attacks from your opponent’s Basic Pokémon {ex}.		0: full immunity/Sturdy/probabilistic prevention is explicitly out of scope.
86	Metang	ability	0	Once during your turn, you may look at the top 4 cards of your deck and attach any number of Basic {M} Energy cards you find there to your Pokémon in any way you like. Shuffle the other cards and put them on the bottom of your deck.		0: inspected; no in-scope static HP/damage/weakness/resistance/retreat modifier.
90	Thwackey	ability	0	Once during your turn, if your Active Pokémon has the Festival Lead Ability, you may search your deck for a card and put it into your hand. Then, shuffle your deck.		0: inspected; no in-scope static HP/damage/weakness/resistance/retreat modifier.
93	Dipplin	ability	0	If Festival Grounds is in play, this Pokémon may use an attack it has twice. If the first attack Knocks Out your opponent’s Active Pokémon, you may attack again after your opponent chooses a new Active Pokémon.		0: inspected; no in-scope static HP/damage/weakness/resistance/retreat modifier.
96	Teal Mask Ogerpon ex	ability	0	Once during your turn, you may attach a Basic {G} Energy card from your hand to this Pokémon. If you attached Energy to a Pokémon in this way, draw a card.		0: inspected; no in-scope static HP/damage/weakness/resistance/retreat modifier.
98	Chandelure	ability	0	Once during your turn, you may have each player draw a card.		0: inspected; no in-scope static HP/damage/weakness/resistance/retreat modifier.
100	Goldeen	ability	0	If Festival Grounds is in play, this Pokémon may use an attack it has twice. If the first attack Knocks Out your opponent’s Active Pokémon, you may attack again after your opponent chooses a new Active Pokémon.		0: inspected; no in-scope static HP/damage/weakness/resistance/retreat modifier.
102	Milotic	ability	0	Your opponent’s Pokémon in play and all attached cards can’t be put into your opponent’s hand.		0: inspected; no in-scope static HP/damage/weakness/resistance/retreat modifier.
104	Froslass	ability	0	During Pokémon Checkup, put 1 damage counter on each Pokémon that has an Ability (both yours and your opponent’s), except any Froslass.		0: recurring/event-driven healing or Checkup damage is out of static KO baking scope.
106	Palafin	ability	0	Once during your turn, when this Pokémon moves from the Active Spot to the Bench, you may search your deck for a Palafin {ex} and switch it with this Pokémon. Any attached cards, damage counters, Special Conditions, turns in play, and any other effects remain on the new Pokémon. If you switched a Pokémon in this way, put this card into your deck. Then, shuffle your deck.		0: event-triggered damage-counter movement/placement is not a static attack modifier.
107	Palafin ex	ability	0	Put this Pokémon into play only with the effect of Palafin’s Zero to Hero Ability.		0: inspected; no in-scope static HP/damage/weakness/resistance/retreat modifier.
109	Abra	ability	0	Once during your turn, if this Pokémon is in the Active Spot, you may shuffle it and all attached cards into your deck.		0: inspected; no in-scope static HP/damage/weakness/resistance/retreat modifier.
112	Munkidori	ability	0	Once during your turn, if this Pokémon has any {D} Energy attached, you may move up to 3 damage counters from 1 of your Pokémon to 1 of your opponent’s Pokémon.		0: event-triggered damage-counter movement/placement is not a static attack modifier.
116	Okidogi	ability	bake	If this Pokémon has any {D} Energy attached, it gets +100 HP, and the attacks it uses do 100 more damage to your opponent’s Active Pokémon (before applying Weakness and Resistance).	hp_delta=100, scope=self, condition=has_dark_energy; damage_dealt_delta=100, scope=self, condition=has_dark_energy	Implemented in stat_bakes.py.
117	Cornerstone Mask Ogerpon ex	ability	0	Prevent all damage from attacks done to this Pokémon by your opponent’s Pokémon that have an Ability.		0: full immunity/Sturdy/probabilistic prevention is explicitly out of scope.
118	Heatran	ability	0	If this Pokémon is in the Active Spot and is damaged by an attack from your opponent’s Pokémon (even if this Pokémon is Knocked Out), the Attacking Pokémon is now Burned.		0: inspected; no in-scope static HP/damage/weakness/resistance/retreat modifier.
120	Drakloak	ability	0	Once during your turn, you may look at the top 2 cards of your deck and put 1 of them into your hand. Put the other card on the bottom of your deck.		0: inspected; no in-scope static HP/damage/weakness/resistance/retreat modifier.
122	Tatsugiri	ability	0	Once during your turn, if this Pokémon is in the Active Spot, you may look at the top 6 cards of your deck, reveal a Supporter card you find there, and put it into your hand. Shuffle the other cards back into your deck.		0: inspected; no in-scope static HP/damage/weakness/resistance/retreat modifier.
123	Farfetch'd	ability	0	When you play this Pokémon from your hand onto your Bench during your turn, you may search your deck for a Pokémon Tool card and attach it to this Pokémon. Then, shuffle your deck.		0: inspected; no in-scope static HP/damage/weakness/resistance/retreat modifier.
125	Blissey ex	ability	0	Once during your turn, you may move a Basic Energy from 1 of your Pokémon to another of your Pokémon.		0: inspected; no in-scope static HP/damage/weakness/resistance/retreat modifier.
126	Galvantula	ability	bake	Attacks used by this Pokémon do 50 more damage to your opponent’s Active Pokémon that has an Ability (before applying Weakness and Resistance).	damage_dealt_delta=50, scope=self, condition=defender_has_ability	Implemented in stat_bakes.py.
132	Dusclops	ability	0	Once during your turn, you may put 5 damage counters on 1 of your opponent’s Pokémon. If you use this Ability, this Pokémon is Knocked Out.		0: event-triggered damage-counter movement/placement is not a static attack modifier.
133	Dusknoir	ability	0	Once during your turn, you may put 13 damage counters on 1 of your opponent’s Pokémon. If you use this Ability, this Pokémon is Knocked Out.		0: event-triggered damage-counter movement/placement is not a static attack modifier.
135	Bloodmoon Ursaluna	ability	0	When you play this Pokémon from your hand onto your Bench during your turn, you may attach up to 2 Basic {F} Energy cards from your hand to this Pokémon.		0: inspected; no in-scope static HP/damage/weakness/resistance/retreat modifier.
139	Munkidori ex	ability	0	If this Pokémon is Knocked Out by damage from an attack from your opponent’s Pokémon, and if you have any Pecharunt {ex} in play, your opponent takes 1 fewer Prize card.		0: inspected; no in-scope static HP/damage/weakness/resistance/retreat modifier.
140	Fezandipiti ex	ability	0	Once during your turn, if any of your Pokémon were Knocked Out during your opponent’s last turn, you may draw 3 cards. You can’t use more than 1 Flip the Script Ability each turn.		0: inspected; no in-scope static HP/damage/weakness/resistance/retreat modifier.
141	Pecharunt ex	ability	0	Once during your turn, you may switch 1 of your Benched {D} Pokémon, except any Pecharunt {ex}, with your Active Pokémon. If you do, the new Active Pokémon is now Poisoned. You can’t use more than 1 Subjugating Chains Ability each turn.		0: inspected; no in-scope static HP/damage/weakness/resistance/retreat modifier.
142	Genesect	ability	0	If this Pokémon has a Pokémon Tool attached, your opponent can’t play any {ACE SPEC} cards from their hand.		0: inspected; no in-scope static HP/damage/weakness/resistance/retreat modifier.
144	Kyurem	ability	0	"If your opponent has any cards in their discard pile that have ""Colress"" in the name, this Pokémon can use the Trifrost attack for {C}."		0: inspected; no in-scope static HP/damage/weakness/resistance/retreat modifier.
147	Cradily	ability	0	Once during your turn, you may flip a coin. If heads, choose Burned, Confused, or Poisoned. Your opponent’s Active Pokémon is now affected by that Special Condition.		0: inspected; no in-scope static HP/damage/weakness/resistance/retreat modifier.
150	Hydrapple ex	ability	0	Once during your turn, you may attach a Basic {G} Energy card from your hand to 1 of your Pokémon. If you attached Energy to a Pokémon in this way, heal 30 damage from that Pokémon.		0: recurring/event-driven healing or Checkup damage is out of static KO baking scope.
155	Carracosta	ability	bake	Attacks used by your Pokémon do 30 more damage to your opponent’s Active Evolution Pokémon (before applying Weakness and Resistance).	damage_dealt_delta=30, scope=your_side, condition=defender_is_evolution	Implemented in stat_bakes.py.
156	Crabominable	ability	0	Attacks used by this Pokémon cost {C} less for each Kofu card in your discard pile.		0: no fixed v1 attack-cost reduction representable by this effect.
158	Drednaw	ability	0	Prevent all damage done to this Pokémon by attacks from your opponent’s Pokémon if that damage is 200 or more.		0: full immunity/Sturdy/probabilistic prevention is explicitly out of scope.
159	Veluza	ability	0	Attacks used by this Pokémon cost {C} less for each Kofu card in your discard pile.		0: no fixed v1 attack-cost reduction representable by this effect.
167	Klinklang	ability	0	Once during your turn, if this Pokémon is in your hand and your opponent has any Stage 2 Pokémon in play, you may put this Pokémon onto your Bench.		0: inspected; no in-scope static HP/damage/weakness/resistance/retreat modifier.
170	Archaludon	ability	bake	All of your Pokémon that have {M} Energy attached have no Retreat Cost.	retreat_set=0, scope=your_side, condition=has_metal_energy	Implemented in stat_bakes.py.
173	Noctowl	ability	0	Once during your turn, when you play this Pokémon from your hand to evolve 1 of your Pokémon, if you have any Tera Pokémon in play, you may search your deck for up to 2 Trainer cards, reveal them, and put them into your hand. Then, shuffle your deck.		0: inspected; no in-scope static HP/damage/weakness/resistance/retreat modifier.
174	Fan Rotom	ability	0	Once during your first turn, you may search your deck for up to 3 {C} Pokémon with 100 HP or less, reveal them, and put them into your hand. Then, shuffle your deck. You can’t use more than 1 Fan Call Ability during your turn.		0: inspected; no in-scope static HP/damage/weakness/resistance/retreat modifier.
175	Bouffalant	ability	bake	As long as you have at least 1 other Bouffalant in play, all of your Basic {C} Pokémon take 60 less damage from attacks from your opponent’s Pokémon (after applying Weakness and Resistance). The effect of Curly Wall doesn’t stack.	damage_taken_delta=-60, scope=your_side, condition=holder_is_colorless, source_condition=source_has_other_bouffalant, stack_key=curly_wall	Implemented in stat_bakes.py.
180	Bruxish	ability	0	If this Pokémon is in the Active Spot and is damaged by an attack from your opponent’s Pokémon (even if this Pokémon is Knocked Out), put 3 damage counters on the Attacking Pokémon.		0: event-triggered damage-counter movement/placement is not a static attack modifier.
182	Quaquaval	ability	0	You must put a card from your hand on the bottom of your deck in order to use this Ability. Once during your turn, you may draw cards until you have 5 cards in your hand.		0: inspected; no in-scope static HP/damage/weakness/resistance/retreat modifier.
184	Latias ex	ability	bake	Your Basic Pokémon in play have no Retreat Cost.	retreat_set=0, scope=your_side, condition=holder_is_basic	Implemented in stat_bakes.py.
190	Archaludon ex	ability	0	When you play this Pokémon from your hand to evolve 1 of your Pokémon during your turn, you may attach up to 2 Basic {M} Energy cards from your discard pile to your {M} Pokémon in any way you like.		0: inspected; no in-scope static HP/damage/weakness/resistance/retreat modifier.
198	Durant ex	ability	0	When you play this Pokémon from your hand onto your Bench during your turn, you may discard the top card of your opponent’s deck.		0: inspected; no in-scope static HP/damage/weakness/resistance/retreat modifier.
202	Victini	ability	bake	Attacks used by your Evolution {R} Pokémon do 10 more damage to your opponent’s Active Pokémon (before applying Weakness and Resistance).	damage_dealt_delta=10, scope=your_side, condition=holder_is_fire_evolution	Implemented in stat_bakes.py.
203	Skeledirge	ability	0	Prevent all effects of attacks used by your opponent’s Pokémon done to this Pokémon. (Damage is not an effect.)		0: inspected; no in-scope static HP/damage/weakness/resistance/retreat modifier.
205	Scovillain ex	ability	0	As long as this Pokémon is in play, it is {G} and {R} type.		0: inspected; no in-scope static HP/damage/weakness/resistance/retreat modifier.
207	Milotic ex	ability	0	Prevent all damage from and effects of attacks from your opponent’s Tera Pokémon done to this Pokémon.		0: full immunity/Sturdy/probabilistic prevention is explicitly out of scope.
209	Chien-Pao	ability	0	When you play this Pokémon from your hand onto your Bench during your turn, you may discard a Stadium in play.		0: inspected; no in-scope static HP/damage/weakness/resistance/retreat modifier.
210	Pikachu ex	ability	0	If this Pokémon has full HP and would be Knocked Out by damage from an attack, it is not Knocked Out, and its remaining HP becomes 10.		0: full immunity/Sturdy/probabilistic prevention is explicitly out of scope.
211	Magneton	ability	0	Once during your turn, you may attach up to 3 Basic Energy cards from your discard pile to your {L} Pokémon in any way you like. If you use this Ability, this Pokémon is Knocked Out.		0: inspected; no in-scope static HP/damage/weakness/resistance/retreat modifier.
214	Togekiss	ability	0	When your opponent’s Active Pokémon is Knocked Out, flip a coin. If heads, take 1 more Prize card. The effect of Wonder Kiss doesn’t stack.		0: inspected; no in-scope static HP/damage/weakness/resistance/retreat modifier.
221	Meowstic	ability	0	You must discard a Chill Teaser Toy card from your hand in order to use this Ability. Once during your turn, you may switch in 1 of your opponent’s Benched Pokémon to the Active Spot.		0: inspected; no in-scope static HP/damage/weakness/resistance/retreat modifier.
225	Gastrodon	ability	0	As long as this Pokémon is on your Bench, Benched Stage 2 Pokémon (both yours and your opponent’s) have no Abilities.		0: user decision — ignore Gastrodon suppression.
230	Pecharunt	ability	0	As long as this Pokémon is in the Active Spot, put 5 more damage counters on your opponent’s Poisoned Pokémon during Pokémon Checkup.		0: recurring/event-driven healing or Checkup damage is out of static KO baking scope.
232	Slaking ex	ability	0	If your opponent has no Pokémon {ex} or Pokémon {V} in play, this Pokémon can’t attack.		0: inspected; no in-scope static HP/damage/weakness/resistance/retreat modifier.
238	Whimsicott	ability	0	When you play this Pokémon from your hand to evolve 1 of your Pokémon during your turn, you may heal all damage from your Active {G} Pokémon. If you healed any damage in this way, discard all Energy from that Pokémon.		0: recurring/event-driven healing or Checkup damage is out of static KO baking scope.
240	Seaking	ability	0	If Festival Grounds is in play, this Pokémon may use an attack it has twice. If the first attack Knocks Out your opponent’s Active Pokémon, you may attack again after your opponent chooses a new Active Pokémon.		0: inspected; no in-scope static HP/damage/weakness/resistance/retreat modifier.
247	Swirlix	ability	0	If Festival Grounds is in play, this Pokémon may use an attack it has twice in succession. If the first attack Knocks Out your opponent’s Active Pokémon, you may use an attack again after your opponent chooses a new Active Pokémon.		0: inspected; no in-scope static HP/damage/weakness/resistance/retreat modifier.
249	Eevee ex	ability	0	This Pokémon can evolve into any Pokémon {ex} that evolves from Eevee if you play it from your hand onto this Pokémon. (This Pokémon can’t evolve during your first turn or the turn you play it.)		0: inspected; no in-scope static HP/damage/weakness/resistance/retreat modifier.
250	Hoothoot	ability	0	This Pokémon can’t be Asleep.		0: inspected; no in-scope static HP/damage/weakness/resistance/retreat modifier.
255	Maractus	ability	0	If this Pokémon is in the Active Spot and is Knocked Out by damage from an attack from your opponent’s Pokémon, put 6 damage counters on the Attacking Pokémon.		0: event-triggered damage-counter movement/placement is not a static attack modifier.
256	Magmortar	ability	0	During Pokémon Checkup, put 3 more damage counters on your opponent’s Burned Pokémon.		0: recurring/event-driven healing or Checkup damage is out of static KO baking scope.
259	Volcanion ex	ability	0	Once during your turn, if this Pokémon is in the Active Spot, you may make your opponent’s Active Pokémon Burned.		0: inspected; no in-scope static HP/damage/weakness/resistance/retreat modifier.
262	Ludicolo	ability	bake	All of your Pokémon in play get +40 HP. The effect of Vibrant Dance doesn’t stack.	hp_delta=40, scope=your_side	Implemented in stat_bakes.py.
269	Iono’s Bellibolt ex	ability	0	As often as you like during your turn, you may attach a Basic {L} Energy card from your hand to 1 of your Iono’s Pokémon.		0: inspected; no in-scope static HP/damage/weakness/resistance/retreat modifier.
271	Iono’s Kilowattrel	ability	0	You must discard a Basic {L} Energy from this Pokémon in order to use this Ability. Once during your turn, you may draw cards until you have 6 cards in your hand.		0: inspected; no in-scope static HP/damage/weakness/resistance/retreat modifier.
272	Lillie’s Clefairy ex	ability	0	The Weakness of each of your opponent’s {N} Pokémon in play is now {P}. (Apply Weakness as ×2.)		0: user decision — ignore the Psychic weakness rewrite.
279	Lillie’s Ribombee	ability	0	When you play this Pokémon from your hand to evolve 1 of your Pokémon during your turn, you may have your opponent reveal their hand and you put any number of Basic Pokémon you find there onto their Bench.		0: inspected; no in-scope static HP/damage/weakness/resistance/retreat modifier.
283	Mamoswine ex	ability	0	Once during your turn, you may search your deck for a Pokémon, reveal it, and put it into your hand. Then, shuffle your deck.		0: inspected; no in-scope static HP/damage/weakness/resistance/retreat modifier.
287	Lycanroc	ability	0	When you play this Pokémon from your hand to evolve 1 of your Pokémon during your turn, you may attach up to 2 Spiky Energy cards from your discard pile to this Pokémon.		0: inspected; no in-scope static HP/damage/weakness/resistance/retreat modifier.
290	Tyranitar	ability	0	As long as this Pokémon is in the Active Spot, your opponent can’t play any Item cards from their hand.		0: inspected; no in-scope static HP/damage/weakness/resistance/retreat modifier.
293	N’s Zoroark ex	ability	0	You must discard a card from your hand in order to use this Ability. Once during your turn, you may draw 2 cards.		0: inspected; no in-scope static HP/damage/weakness/resistance/retreat modifier.
297	Magearna	ability	0	As long as this Pokémon is in the Active Spot, whenever you attach an Energy card from your hand to 1 of your Pokémon, heal 90 damage from that Pokémon.		0: recurring/event-driven healing or Checkup damage is out of static KO baking scope.
304	Hop’s Snorlax	ability	bake	Attacks used by your Hop’s Pokémon do 30 more damage to your opponent’s Active Pokémon (before applying Weakness and Resistance). The effect of Extra Helpings doesn’t stack.	damage_dealt_delta=30, scope=your_side, condition=holder_is_hops, stack_key=extra_helpings	Implemented in stat_bakes.py.
310	Hop’s Dubwool	ability	0	When you play this Pokémon from your hand to evolve 1 of your Pokémon during your turn, you may switch in 1 of your opponent’s Benched Pokémon to the Active Spot.		0: inspected; no in-scope static HP/damage/weakness/resistance/retreat modifier.
315	Azumarill	ability	0	If you have any Tera Pokémon in play, this Pokémon can use the Double-Edge attack for {P}.		0: inspected; no in-scope static HP/damage/weakness/resistance/retreat modifier.
317	Eevee	ability	0	As long as this Pokémon is in the Active Spot, it can evolve during your first turn or the turn you play it.		0: inspected; no in-scope static HP/damage/weakness/resistance/retreat modifier.
322	Lilligant	ability	bake	Attacks used by your {G} Pokémon and {R} Pokémon do 20 more damage to your opponent’s Active Pokémon (before applying Weakness and Resistance).	damage_dealt_delta=20, scope=your_side, condition=holder_is_grass_or_fire	Implemented in stat_bakes.py.
326	Blaziken ex	ability	0	Once during your turn, you may attach a Basic Energy card from your discard pile to 1 of your Pokémon.		0: inspected; no in-scope static HP/damage/weakness/resistance/retreat modifier.
330	Sylveon	ability	0	Prevent all damage done to this Pokémon by attacks from your opponent’s Pokémon {ex}.		0: full immunity/Sturdy/probabilistic prevention is explicitly out of scope.
340	Yanmega ex	ability	0	Once during your turn, when this Pokémon moves from your Bench to the Active Spot, you may search your deck for up to 3 Basic {G} Energy cards and attach them to this Pokémon. Then, shuffle your deck.		0: inspected; no in-scope static HP/damage/weakness/resistance/retreat modifier.
342	Cynthia's Roserade	ability	bake	Attacks used by your Cynthia’s Pokémon do 30 more damage to your opponent’s Active Pokémon (before applying Weakness and Resistance).	damage_dealt_delta=30, scope=your_side, condition=holder_is_cynthias	Implemented in stat_bakes.py.
343	Shaymin	ability	0	Prevent all damage done to your Benched Pokémon that don’t have a Rule Box by attacks from your opponent’s Pokémon. (Pokémon {ex}, Pokémon {V}, etc. have Rule Boxes.)		0: full immunity/Sturdy/probabilistic prevention is explicitly out of scope.
345	Crustle	ability	0	Prevent all damage done to this Pokémon by attacks from your opponent’s Pokémon {ex}.		0: full immunity/Sturdy/probabilistic prevention is explicitly out of scope.
351	Rapidash	ability	0	Once during your turn, you may draw a card.		0: inspected; no in-scope static HP/damage/weakness/resistance/retreat modifier.
353	Ethan's Quilava	ability	0	Once during your turn, you may search your deck for an Ethan’s Adventure card, reveal it, and put it into your hand. Then, shuffle your deck.		0: inspected; no in-scope static HP/damage/weakness/resistance/retreat modifier.
356	Ethan's Magcargo	ability	bake	If this Pokémon has no Energy attached, it has no Retreat Cost.	retreat_set=0, scope=self, condition=has_no_energy	Implemented in stat_bakes.py.
357	Ethan's Ho-Oh ex	ability	0	Once during your turn, you may attach up to 2 Basic {R} Energy cards from your hand to 1 of your Benched Ethan’s Pokémon.		0: inspected; no in-scope static HP/damage/weakness/resistance/retreat modifier.
359	Misty's Psyduck	ability	0	Once during your turn, if this Pokémon is on your Bench, you may discard the bottom card of your deck. If you do, discard all cards from this Pokémon and put this Pokémon on top of your deck.		0: inspected; no in-scope static HP/damage/weakness/resistance/retreat modifier.
362	Misty's Magikarp	ability	0	As long as this Pokémon is on your Bench, prevent all damage from and effects of attacks from your opponent’s Pokémon done to this Pokémon.		0: full immunity/Sturdy/probabilistic prevention is explicitly out of scope.
380	Cynthia's Gabite	ability	0	Once during your turn, you may search your deck for a Cynthia’s Pokémon, reveal it, and put it into your hand. Then, shuffle your deck.		0: inspected; no in-scope static HP/damage/weakness/resistance/retreat modifier.
383	Mudsdale	ability	bake	This Pokémon takes 30 less damage from attacks (after applying Weakness and Resistance).	damage_taken_delta=-30, scope=self	Implemented in stat_bakes.py.
392	Arven's Greedent	ability	0	When you play this Pokémon from your hand to evolve 1 of your Pokémon during your turn, you may put up to 2 Arven’s Sandwich cards from your discard pile into your hand.		0: inspected; no in-scope static HP/damage/weakness/resistance/retreat modifier.
401	Team Rocket's Spidops	ability	0	Once during your turn, you may attach a Basic Energy card from your discard pile to this Pokémon.		0: inspected; no in-scope static HP/damage/weakness/resistance/retreat modifier.
414	Team Rocket's Articuno	ability	0	Prevent all effects of attacks used by your opponent’s Pokémon done to your Basic Team Rocket’s Pokémon. (Existing effects are not removed. Damage is not an effect.)		0: inspected; no in-scope static HP/damage/weakness/resistance/retreat modifier.
416	Huntail	ability	0	When 1 of your {W} Pokémon is Knocked Out by damage from an attack from your opponent’s Pokémon, you may put all Basic {W} Energy attached to that Pokémon into your hand instead of the discard pile.		0: inspected; no in-scope static HP/damage/weakness/resistance/retreat modifier.
424	Cetitan ex	ability	0	Whenever your opponent plays an Item or Supporter card from their hand, prevent all effects of that card done to this Pokémon.		0: inspected; no in-scope static HP/damage/weakness/resistance/retreat modifier.
428	Team Rocket's Ampharos	ability	0	Whenever your opponent plays a Pokémon from their hand to evolve 1 of their Pokémon, put 4 damage counters on that Pokémon. The effect of Darkest Impulse doesn’t stack.		0: event-triggered damage-counter movement/placement is not a static attack modifier.
431	Team Rocket's Mewtwo ex	ability	0	This Pokémon can’t attack unless you have 4 or more Team Rocket’s Pokémon in play.		0: inspected; no in-scope static HP/damage/weakness/resistance/retreat modifier.
436	Team Rocket's Orbeetle	ability	0	As often as you like during your turn, you may move 1 damage counter from 1 of your Team Rocket’s Pokémon to another of your Pokémon.		0: event-triggered damage-counter movement/placement is not a static attack modifier.
439	Annihilape	ability	bake	If this Pokémon has 2 or more damage counters on it, attacks used by this Pokémon do 120 more damage to your opponent’s Active Pokémon (before applying Weakness and Resistance).	damage_dealt_delta=120, scope=self, condition=is_damaged	Implemented in stat_bakes.py.
442	Team Rocket's Tyranitar	ability	0	During Pokémon Checkup, if this Pokémon is in the Active Spot, put 2 damage counters on each of your opponent’s Basic Pokémon.		0: recurring/event-driven healing or Checkup damage is out of static KO baking scope.
449	Team Rocket's Arbok	ability	0	As long as this Pokémon is in the Active Spot, your opponent can’t play any Pokémon that has an Ability from their hand, except for Team Rocket’s Pokémon.		0: inspected; no in-scope static HP/damage/weakness/resistance/retreat modifier.
457	Team Rocket's Golbat	ability	0	When you play this Pokémon from your hand to evolve 1 of your Pokémon during your turn, you may put 2 damage counters on 1 of your opponent’s Pokémon.		0: event-triggered damage-counter movement/placement is not a static attack modifier.
458	Team Rocket's Crobat ex	ability	0	When you play this Pokémon from your hand to evolve 1 of your Pokémon during your turn, you may choose 2 of your opponent’s Pokémon and put 2 damage counters on each of them.		0: event-triggered damage-counter movement/placement is not a static attack modifier.
461	Team Rocket's Koffing	ability	0	If this Pokémon is in the Active Spot and is damaged by an attack from your opponent’s Pokémon (even if this Pokémon is Knocked Out), search your deck for up to 2 Pokémon that have “Koffing” in their name and put them onto your Bench. Then, shuffle your deck.		0: inspected; no in-scope static HP/damage/weakness/resistance/retreat modifier.
475	Team Rocket's Porygon-Z	ability	0	You must discard 2 cards from your hand in order to use this Ability. Once during your turn, you may draw a card.		0: inspected; no in-scope static HP/damage/weakness/resistance/retreat modifier.
481	Serperior ex	ability	0	このポケモンがいるかぎり、自分のポケモンが使うワザの、相手のバトルポケモンへのダメージは「+20」される。		0: inspected; no in-scope static HP/damage/weakness/resistance/retreat modifier.
487	Karrablast	ability	0	If you have Shelmet in play, this Pokémon can evolve during your first turn or the turn you play it.		0: inspected; no in-scope static HP/damage/weakness/resistance/retreat modifier.
497	Volcarona	ability	0	You must discard a Basic {R} Energy card from your hand in order to use this Ability. Once during your turn, you may make your opponent’s Active Pokémon Burned.		0: inspected; no in-scope static HP/damage/weakness/resistance/retreat modifier.
504	Carracosta	ability	0	Prevent all damage from and effects of attacks done to this Pokémon by your opponent’s Pokémon that have any Special Energy attached.		0: full immunity/Sturdy/probabilistic prevention is explicitly out of scope.
505	Alomomola	ability	0	Once during your turn, if this Pokémon is in the Active Spot, you may put a Basic Pokémon with 70 HP or less from your discard pile onto your Bench.		0: inspected; no in-scope static HP/damage/weakness/resistance/retreat modifier.
512	Eelektrik	ability	0	Once during your turn, you may attach a Basic {L} Energy card from your discard pile to 1 of your Benched Pokémon.		0: inspected; no in-scope static HP/damage/weakness/resistance/retreat modifier.
525	Meloetta ex	ability	0	If you go first, this Pokémon can use attacks during your first turn.		0: inspected; no in-scope static HP/damage/weakness/resistance/retreat modifier.
530	Conkeldurr	ability	bake	This Pokémon gets +40 HP for each {F} Energy attached to it.	hp_per_fighting_energy=40, scope=self	Implemented in stat_bakes.py.
533	Crustle	ability	0	If this Pokémon has full HP and would be Knocked Out by damage from an attack, it is not Knocked Out, and its remaining HP becomes 10.		0: full immunity/Sturdy/probabilistic prevention is explicitly out of scope.
537	Scolipede	ability	0	If this Pokémon is in the Active Spot and is damaged by an attack from your opponent’s Pokémon (even if this Pokémon is Knocked Out), the Attacking Pokémon is now Poisoned.		0: inspected; no in-scope static HP/damage/weakness/resistance/retreat modifier.
542	Mandibuzz	ability	0	Once during your turn, you may use this Ability. Your opponent reveals their hand, and you put a Basic Pokémon with 70 HP or less that you find there onto your opponent’s Bench.		0: inspected; no in-scope static HP/damage/weakness/resistance/retreat modifier.
547	Genesect ex	ability	0	Once during your turn, you may search your deck for up to 2 Evolution {M} Pokémon, reveal them, and put them into your hand. Then, shuffle your deck.		0: inspected; no in-scope static HP/damage/weakness/resistance/retreat modifier.
558	Swadloon	ability	0	Once during your turn, you may heal 20 damage from your Active Pokémon.		0: recurring/event-driven healing or Checkup damage is out of static KO baking scope.
564	Shelmet	ability	0	If you have Karrablast in play, this Pokémon can evolve during your first turn or the turn you play it.		0: inspected; no in-scope static HP/damage/weakness/resistance/retreat modifier.
569	Emboar	ability	0	As often as you like during your turn, you may attach a Basic {R} Energy card from your hand to 1 of your Pokémon.		0: inspected; no in-scope static HP/damage/weakness/resistance/retreat modifier.
576	Samurott	ability	0	Once during your turn, you may switch your Active Pokémon with 1 of your Benched Pokémon. If you do, switch out your opponent’s Active Pokémon to the Bench. (Your opponent chooses the new Active Pokémon.)		0: inspected; no in-scope static HP/damage/weakness/resistance/retreat modifier.
596	Gothitelle	ability	0	Once during your turn, if this Pokémon is in the Active Spot, you may have your opponent shuffle their hand into their deck and draw 3 cards.		0: inspected; no in-scope static HP/damage/weakness/resistance/retreat modifier.
598	Jellicent ex	ability	0	As long as this Pokémon is in the Active Spot, your opponent can’t play any Item cards or Pokémon Tool cards from their hand.		0: inspected; no in-scope static HP/damage/weakness/resistance/retreat modifier.
604	Archeops	ability	0	Once during your turn, if this Pokémon is in the Active Spot, you may devolve 1 of your opponent’s evolved Pokémon by putting the highest Stage Evolution card on it into your opponent’s hand.		0: inspected; no in-scope static HP/damage/weakness/resistance/retreat modifier.
618	Hydreigon ex	ability	0	If your opponent’s Basic Pokémon is Knocked Out by damage from an attack used by this Pokémon, take 1 more Prize card.		0: inspected; no in-scope static HP/damage/weakness/resistance/retreat modifier.
623	Klinklang	ability	bake	All of your Pokémon that have any {M} Energy attached take 20 less damage from attacks from your opponent’s Pokémon (after applying Weakness and Resistance).	damage_taken_delta=-20, scope=your_side, condition=has_metal_energy	Implemented in stat_bakes.py.
631	Bouffalant ex	ability	bake	This Pokémon takes 30 less damage from attacks (after applying Weakness and Resistance).	damage_taken_delta=-30, scope=self	Implemented in stat_bakes.py.
637	Steven's Carbink	ability	bake	As long as this Pokémon is on your Bench, all of your Steven’s Pokémon take 30 less damage from attacks from your opponent’s Pokémon (after applying Weakness and Resistance). The effect of Stone Palace doesn’t stack.	damage_taken_delta=-30, scope=your_side, condition=holder_is_stevens, source_condition=source_is_benched, stack_key=stone_palace	Implemented in stat_bakes.py.
641	Steven's Metagross ex	ability	0	Once during your turn, you may search your deck for a Basic {P} Energy card, a Basic {M} Energy card, or 1 of each and attach them to your {P} Pokémon and {M} Pokémon in any way you like. Then, shuffle your deck.		0: inspected; no in-scope static HP/damage/weakness/resistance/retreat modifier.
648	Marnie's Grimmsnarl ex	ability	0	When you play this Pokémon from your hand to evolve 1 of your Pokémon during your turn, you may search your deck for up to 5 Basic {D} Energy cards and attach them to your Marnie’s Pokémon in any way you like. Then, shuffle your deck.		0: inspected; no in-scope static HP/damage/weakness/resistance/retreat modifier.
652	Mega Venusaur ex	ability	0	As often as you like during your turn, you may use this Ability. Move a Basic {G} Energy from 1 of your Pokémon to another of your Pokémon.		0: inspected; no in-scope static HP/damage/weakness/resistance/retreat modifier.
666	Cinderace	ability	0	If this Pokémon is in your hand when you are setting up to play, you may put it face down in the Active Spot.		0: inspected; no in-scope static HP/damage/weakness/resistance/retreat modifier.
674	Hariyama	ability	0	Once during your turn, when you play this Pokémon from your hand to evolve 1 of your Pokémon, you may use this Ability. Switch in 1 of your opponent’s Benched Pokémon to the Active Spot.		0: inspected; no in-scope static HP/damage/weakness/resistance/retreat modifier.
675	Lunatone	ability	0	Once during your turn, if you have Solrock in play, you may discard a Basic {F} Energy card from your hand in order to use this Ability. Draw 3 cards. You can’t use more than 1 Lunar Cycle Ability each turn.		0: inspected; no in-scope static HP/damage/weakness/resistance/retreat modifier.
685	Garganacl	ability	bake	Attacks used by your {F} Pokémon do 30 more damage to your opponent’s Active Pokémon (before applying Weakness and Resistance).	damage_dealt_delta=30, scope=your_side, condition=holder_is_fighting	Implemented in stat_bakes.py.
688	Spiritomb	ability	0	If your Active {D} Pokémon is damaged by an attack from your opponent’s Pokémon (even if your Active {D} Pokémon is Knocked Out), place 1 damage counter on the Attacking Pokémon.		0: event-triggered damage-counter movement/placement is not a static attack modifier.
698	Tinkatuff	ability	0	Once during your turn, when you play this Pokémon from your hand to evolve 1 of your Pokémon, you may use this Ability. Flip a coin. If heads, discard an Energy from your opponent’s Active Pokémon.		0: inspected; no in-scope static HP/damage/weakness/resistance/retreat modifier.
705	Gumshoos	ability	0	Once during your turn, you may use this Ability. Switch a card from your hand with the top card of your deck.		0: inspected; no in-scope static HP/damage/weakness/resistance/retreat modifier.
710	Meganium	ability	0	Each Basic {G} Energy attached to all of your Pokémon provides {G}{G} Energy. The effect of Wild Growth doesn’t stack.		0: inspected; no in-scope static HP/damage/weakness/resistance/retreat modifier.
711	Shuckle	ability	0	Once during your turn, if this Pokémon has any {G} Energy attached, you may use this Ability. Heal 30 damage from 1 of your Pokémon.		0: recurring/event-driven healing or Checkup damage is out of static KO baking scope.
713	Ninjask	ability	0	Once during your turn, when you play this Pokémon from your hand to evolve 1 of your Pokémon, you may use this Ability. Search your deck for a Shedinja and put it onto your Bench. Then, shuffle your deck.		0: inspected; no in-scope static HP/damage/weakness/resistance/retreat modifier.
716	Pyroar	ability	bake	As long as this Pokémon is in the Active Spot, attacks used by your opponent’s Active Pokémon do 30 less damage (before applying Weakness and Resistance).	damage_dealt_delta=-30, scope=opponent_side, source_condition=source_is_active	Implemented in stat_bakes.py.
725	Clawitzer	ability	0	Once during your turn, when this Pokémon moves from the Active Spot to your Bench, you may use this Ability. Attach up to 2 Basic {W} Energy cards from your hand to this Pokémon.		0: inspected; no in-scope static HP/damage/weakness/resistance/retreat modifier.
742	Kadabra	ability	0	Once during your turn, when you play this Pokémon from your hand to evolve 1 of your Pokémon, you may use this Ability. Draw 2 cards.		0: inspected; no in-scope static HP/damage/weakness/resistance/retreat modifier.
743	Alakazam	ability	0	Once during your turn, when you play this Pokémon from your hand to evolve 1 of your Pokémon, you may use this Ability. Draw 3 cards.		0: inspected; no in-scope static HP/damage/weakness/resistance/retreat modifier.
748	Shedinja	ability	0	If this Pokémon is Knocked Out by damage from an attack from your opponent’s Pokémon {ex}, your opponent can’t take any Prize cards for it.		0: inspected; no in-scope static HP/damage/weakness/resistance/retreat modifier.
750	Grumpig	ability	0	Once during your turn, when you play this Pokémon from your hand to evolve 1 of your Pokémon, you may use this Ability. Look at the top 4 cards of your deck and attach any number of Basic Energy cards you find there to your Pokémon in any way you like. Shuffle the other cards back into your deck.		0: inspected; no in-scope static HP/damage/weakness/resistance/retreat modifier.
755	Latios	ability	0	Once during your turn, when your Mega Latias {ex} moves from your Bench to the Active Spot, you may use this Ability. Move any amount of Energy from your Benched Pokémon to your Active Pokémon.		0: inspected; no in-scope static HP/damage/weakness/resistance/retreat modifier.
756	Mega Kangaskhan ex	ability	0	Once during your turn, if this Pokémon is in the Active Spot, you may use this Ability. Draw 2 cards. You can’t use more than 1 Run Errand Ability each turn.		0: inspected; no in-scope static HP/damage/weakness/resistance/retreat modifier.
766	Mega Diancie ex	ability	bake	This Pokémon takes 30 less damage from attacks (after applying Weakness and Resistance).	damage_taken_delta=-30, scope=self	Implemented in stat_bakes.py.
772	Mega Gengar ex	ability	0	If 1 of your {D} Pokémon is Knocked Out by damage from an attack from your opponent’s Pokémon {ex}, that player takes 1 fewer Prize card. The effect of Shadowy Concealment doesn’t stack.		0: inspected; no in-scope static HP/damage/weakness/resistance/retreat modifier.
784	Ludicolo	ability	0	Once during your turn, if you have any {G} Mega Evolution Pokémon {ex} in play, you may use this Ability. Heal 60 damage from 1 of your Pokémon.		0: recurring/event-driven healing or Checkup damage is out of static KO baking scope.
788	Charmander	ability	bake	If this Pokémon has no Energy attached, it has no Retreat Cost.	retreat_set=0, scope=self, condition=has_no_energy	Implemented in stat_bakes.py.
795	Oricorio ex	ability	0	As often as you like during your turn, if you have any {R} Mega Evolution Pokémon {ex} in play, you may use this Ability. Attach a Basic {R} Energy card from your hand to 1 of your Benched {R} Pokémon.		0: inspected; no in-scope static HP/damage/weakness/resistance/retreat modifier.
799	Dewgong	ability	bake	This Pokémon takes 30 less damage from attacks from your opponent’s {R} or {W} Pokémon (after applying Weakness and Resistance).	damage_taken_delta=-30, scope=self, condition=attacker_is_fire	Implemented in stat_bakes.py.
806	Rotom ex	ability	0	"Each of your Pokémon that has ""Rotom"" in its name may have up to 2 Pokémon Tool cards attached. If this Ability goes away, discard Pokémon Tools from those Pokémon until only 1 remains on each."		0: inspected; no in-scope static HP/damage/weakness/resistance/retreat modifier.
813	Mismagius ex	ability	0	As long as this Pokémon is in the Active Spot, whenever your opponent’s Active Pokémon moves to the Bench during their turn, their new Active Pokémon is now Confused.		0: inspected; no in-scope static HP/damage/weakness/resistance/retreat modifier.
818	Brambleghast	ability	0	Once during your turn, when you play this Pokémon from your hand to evolve 1 of your Pokémon, you may use this Ability. Make your opponent’s Active Pokémon Confused.		0: inspected; no in-scope static HP/damage/weakness/resistance/retreat modifier.
824	Flygon	ability	0	Once during your turn, when you play this Pokémon from your hand to evolve 1 of your Pokémon, you may use this Ability. You may also use this Ability if this Pokémon is in the Active Spot and is Knocked Out by damage from an attack from your opponent’s Pokémon. Discard the top 2 cards of your opponent’s deck.		0: inspected; no in-scope static HP/damage/weakness/resistance/retreat modifier.
829	Seviper	ability	bake	If you have any {D} Mega Evolution Pokémon {ex} in play, attacks used by this Pokémon do 120 more damage to your opponent’s Active Pokémon (before applying Weakness and Resistance).	damage_dealt_delta=120, scope=self, condition=side_has_grass_mega	Implemented in stat_bakes.py.
834	Toxtricity	ability	0	Once during your turn, you may use this Ability. Search your deck for a Basic {D} Energy card and attach it to 1 of your Benched {D} Pokémon. Then, shuffle your deck. If you attached Energy to a Pokémon in this way, place 2 damage counters on that Pokémon.		0: event-triggered damage-counter movement/placement is not a static attack modifier.
835	Empoleon ex	ability	0	Prevent all effects of attacks used by your opponent’s Pokémon done to this Pokémon. (Damage is not an effect.)		0: inspected; no in-scope static HP/damage/weakness/resistance/retreat modifier.
847	Linoone	ability	0	Once during your turn, if this Pokémon is on your Bench, and if you have any Mega Evolution Pokémon {ex} in play, you may use this Ability. Switch this Pokémon with your Active Pokémon.		0: inspected; no in-scope static HP/damage/weakness/resistance/retreat modifier.
851	Silcoon	ability	0	Once during your turn, when you play this Pokémon from your hand to evolve 1 of your Pokémon, you may use this Ability. Search your deck for a Silcoon or a Cascoon and put it onto your Bench. Then, shuffle your deck.		0: inspected; no in-scope static HP/damage/weakness/resistance/retreat modifier.
854	Dustox	ability	0	Once during your turn, you may use this Ability. Flip a coin. If heads, put an Energy attached to your opponent’s Active Pokémon into their hand.		0: inspected; no in-scope static HP/damage/weakness/resistance/retreat modifier.
856	Numel	ability	0	If this Pokémon is in the Active Spot and is damaged by an attack from your opponent’s Pokémon (even if this Pokémon is Knocked Out), the Attacking Pokémon is now Burned.		0: inspected; no in-scope static HP/damage/weakness/resistance/retreat modifier.
858	Psyduck	ability	0	Pokémon in play (both yours and your opponent’s) lose any Ability that requires the Pokémon using it to Knock Out itself.		0: inspected; no in-scope static HP/damage/weakness/resistance/retreat modifier.
859	Golduck	ability	0	Pokémon in play (both yours and your opponent’s) lose any Ability that requires the Pokémon using it to Knock Out itself.		0: inspected; no in-scope static HP/damage/weakness/resistance/retreat modifier.
866	Frosmoth	ability	0	Once during your turn, if this Pokémon is in the Active Spot, you may use this Ability. Each player draws a card.		0: inspected; no in-scope static HP/damage/weakness/resistance/retreat modifier.
871	Heliolisk	ability	0	Once during your turn, if you played Canari from your hand this turn, you may use this Ability. Search your deck for up to 2 Basic {L} Energy cards and attach them to this Pokémon. Then, shuffle your deck.		0: inspected; no in-scope static HP/damage/weakness/resistance/retreat modifier.
882	Team Rocket's Dugtrio	ability	0	Whenever your opponent’s Active Pokémon moves to the Bench during their turn, place 2 damage counters on that Pokémon.		0: event-triggered damage-counter movement/placement is not a static attack modifier.
886	Mega Hawlucha ex	ability	0	If this Pokémon would be Knocked Out by damage from an attack, flip a coin. If heads, this Pokémon is not Knocked Out, and its remaining HP becomes 10.		0: full immunity/Sturdy/probabilistic prevention is explicitly out of scope.
896	Mega Scrafty ex	ability	0	If this Pokémon is in the Active Spot and is damaged by an attack from your opponent’s Pokémon (even if this Pokémon is Knocked Out), place 5 damage counters on the Attacking Pokémon.		0: event-triggered damage-counter movement/placement is not a static attack modifier.
898	Pecharunt	ability	0	"If this Pokémon is Knocked Out by damage from an attack from your opponent’s Pokémon, search your deck for a card and put it into your hand. Then, shuffle your deck.
"		0: inspected; no in-scope static HP/damage/weakness/resistance/retreat modifier.
901	Kingambit	ability	bake	Attacks used by this Pokémon do 30 more damage to your opponent’s Active Pokémon for each Prize card your opponent has taken (before applying Weakness and Resistance).	damage_per_prize_taken=30, scope=self	Implemented in stat_bakes.py.
903	Dragonair	ability	0	Once during your turn, if this Pokémon has any Energy attached, you may use this Ability. Search your deck for an Evolution Pokémon, reveal it, and put it into your hand. Then, shuffle your deck.		0: inspected; no in-scope static HP/damage/weakness/resistance/retreat modifier.
904	Mega Dragonite ex	ability	0	Once during your turn, you may use this Ability. Switch your Active Pokémon with 1 of your Benched Pokémon.		0: inspected; no in-scope static HP/damage/weakness/resistance/retreat modifier.
911	Erika's Vileplume ex	ability	0	Once during your turn, you may use this Ability. Heal 30 damage from each of your Pokémon.		0: recurring/event-driven healing or Checkup damage is out of static KO baking scope.
915	Erika's Tangela	ability	0	Once during your turn, you may use this Ability. Search your deck for an Erika’s Pokémon, reveal it, and put it into your hand. Then, shuffle your deck.		0: inspected; no in-scope static HP/damage/weakness/resistance/retreat modifier.
924	Meowscarada	ability	0	Once during your turn, if this Pokémon is on your Bench, you may switch it with your Active Pokémon.		0: inspected; no in-scope static HP/damage/weakness/resistance/retreat modifier.
962	Azumarill ex	ability	0	As often as you like during your turn, you may use this Ability. Move an Energy from 1 of your other Pokémon to this Pokémon.		0: inspected; no in-scope static HP/damage/weakness/resistance/retreat modifier.
968	Dachsbun ex	ability	0	Once during your turn, when you play this Pokémon from your hand to evolve 1 of your Pokémon, you may use this Ability. Heal all damage from each of your Evolution Pokémon. If you healed any damage in this way, discard all Energy from those Pokémon.		0: recurring/event-driven healing or Checkup damage is out of static KO baking scope.
970	Fezandipiti	ability	0	If this Pokémon has any {D} Energy attached and is damaged by an attack, flip a coin. If heads, prevent that damage.		0: full immunity/Sturdy/probabilistic prevention is explicitly out of scope.
976	Carbink	ability	0	As long as this Pokémon is in play, it is {F} and {P} type.		0: inspected; no in-scope static HP/damage/weakness/resistance/retreat modifier.
993	Orthworm ex	ability	0	If this Pokémon is damaged by an attack from your opponent’s Pokémon (even if this Pokémon is Knocked Out), place 2 damage counters on the Attacking Pokémon for each {M} Energy attached to this Pokémon.		0: event-triggered damage-counter movement/placement is not a static attack modifier.
994	Fraxure	ability	0	Whenever your opponent plays an Item or Supporter card from their hand, prevent all effects of that card done to this Pokémon.		0: inspected; no in-scope static HP/damage/weakness/resistance/retreat modifier.
1009	Larry's Komala	ability	0	Once during your turn, if this Pokémon is on your Bench, you may use this Ability. Attach an Energy card from your hand to your Active Larry’s Pokémon.		0: inspected; no in-scope static HP/damage/weakness/resistance/retreat modifier.
1019	Vivillon	ability	0	Once during your turn, you may use this Ability. Your opponent shuffles their hand and puts it on the bottom of their deck. If they put any cards on the bottom of their deck in this way, they draw 4 cards.		0: inspected; no in-scope static HP/damage/weakness/resistance/retreat modifier.
1022	Decidueye ex	ability	0	If your opponent has exactly 4 cards in their hand, ignore all {C} Energy in the costs of attacks used by this Pokémon.		0: no fixed v1 attack-cost reduction representable by this effect.
1024	Talonflame	ability	0	Once during your turn, you may use this Ability. Flip a coin. If heads, discard a random card from your opponent’s hand.		0: inspected; no in-scope static HP/damage/weakness/resistance/retreat modifier.
1027	Turtonator	ability	0	If this Pokémon is in the Active Spot and is damaged by an attack from your opponent’s Pokémon (even if this Pokémon is Knocked Out), discard an Energy from the Attacking Pokémon.		0: inspected; no in-scope static HP/damage/weakness/resistance/retreat modifier.
1029	Dewgong	ability	0	As often as you like during your turn, you may use this Ability. Move a {W} Energy from 1 of your Benched Pokémon to your Active Pokémon.		0: inspected; no in-scope static HP/damage/weakness/resistance/retreat modifier.
1033	Aurorus	ability	bake	All of your Pokémon that have any {W} Energy attached take 50 less damage from attacks from your opponent’s Pokémon (after applying Weakness and Resistance). The effect of Tundra Wall doesn’t stack.	damage_taken_delta=-50, scope=your_side, condition=has_water_energy, stack_key=tundra_wall	Implemented in stat_bakes.py.
1036	Luxio	ability	0	If your opponent’s Active Pokémon is a Pokémon {ex}, this Pokémon can evolve during your first turn or the turn you play it.		0: inspected; no in-scope static HP/damage/weakness/resistance/retreat modifier.
1040	Mega Clefable ex	ability	0	Prevent all effects of your opponent’s Pokémon’s Abilities done to this Pokémon.		0: inspected; no in-scope static HP/damage/weakness/resistance/retreat modifier.
1045	Aromatisse	ability	0	Once during your turn, you may use this Ability. Search your deck for up to 2 Basic {P} Energy cards, reveal them, and put them into your hand. Then, shuffle your deck.		0: inspected; no in-scope static HP/damage/weakness/resistance/retreat modifier.
1052	Barbaracle	ability	0	Once during your turn, you may use this Ability. Attach a Basic {F} Energy card from your hand to 1 of your {F} Pokémon.		0: inspected; no in-scope static HP/damage/weakness/resistance/retreat modifier.
1054	Tyrantrum	ability	bake	If this Pokémon has any Special Energy attached, it gets +150 HP.	hp_delta=150, scope=self, condition=has_special_energy	Implemented in stat_bakes.py.
1059	Gengar	ability	0	If this Pokémon is Knocked Out by damage from an attack from your opponent’s Pokémon, put it into your hand instead of the discard pile. (Discard all attached cards.)		0: inspected; no in-scope static HP/damage/weakness/resistance/retreat modifier.
1071	Meowth ex	ability	0	Once during your turn, when you play this Pokémon from your hand onto your Bench, you may use this Ability. Search your deck for a Supporter card, reveal it, and put it into your hand. Then, shuffle your deck. You can’t use more than 1 Ability that has “Last-Ditch” in its name each turn.		0: inspected; no in-scope static HP/damage/weakness/resistance/retreat modifier.
1099	Antique Root Fossil	ability	bake	As long as this Pokémon is in the Active Spot, attacks used by your opponent’s Basic Pokémon cost {C} more.	attack_cost_delta=1, scope=opponent_side, condition=holder_is_basic, source_condition=source_is_active	Implemented in stat_bakes.py.
1136	Antique Cover Fossil	ability	0	Prevent all effects of attacks used by your opponent’s Pokémon done to this Pokémon. (Damage is not an effect.)		0: inspected; no in-scope static HP/damage/weakness/resistance/retreat modifier.
1138	Antique Plume Fossil	ability	0	As long as this Pokémon is on your Bench, prevent all damage done to this Pokémon by attacks from your opponent’s Pokémon.		0: full immunity/Sturdy/probabilistic prevention is explicitly out of scope.
1150	Antique Jaw Fossil	ability	bake	As long as this Pokémon is in the Active Spot, attacks used by your opponent’s Active Pokémon do 30 less damage (before applying Weakness and Resistance).	damage_dealt_delta=-30, scope=opponent_side, source_condition=source_is_active	Implemented in stat_bakes.py.
1151	Antique Sail Fossil	ability	0	Whenever your opponent plays a Supporter card from their hand, prevent all effects of that card done to this Pokémon.		0: inspected; no in-scope static HP/damage/weakness/resistance/retreat modifier.
1242	Community Center	stadium	0	Once during each player’s turn, if they played a Supporter card from their hand this turn, they may heal 10 damage from each of their Pokémon.		0: recurring/event-driven healing or Checkup damage is out of static KO baking scope.
1243	Perilous Jungle	stadium	0	During Pokémon Checkup, put 2 more damage counters on each Poisoned non-{D} Pokémon (both yours and your opponent’s).		0: recurring/event-driven healing or Checkup damage is out of static KO baking scope.
1244	Full Metal Lab	stadium	bake	{M} Pokémon (both yours and your opponent’s) take 30 less damage from attacks from the opponent’s Pokémon (after applying Weakness and Resistance).	damage_taken_delta=-30, scope=all, condition=holder_is_metal	Implemented in stat_bakes.py.
1245	Festival Grounds	stadium	0	Each Pokémon that has any Energy attached (both yours and your opponent’s) recovers from all Special Conditions and can’t be affected by any Special Conditions.		0: inspected; no in-scope static HP/damage/weakness/resistance/retreat modifier.
1246	Jamming Tower	stadium	bake	Pokémon Tools attached to each Pokémon (both yours and your opponent’s) have no effect.	suppression handled by Board	Implemented in stat_bakes.py.
1247	Neutralization Zone	stadium	0	"Prevent all damage done to Pokémon that don’t have a Rule Box (both yours and your opponent’s) by attacks from the opponent’s Pokémon {ex} and Pokémon {V}. (Pokémon {ex}, Pokémon {V}, etc. have Rule Boxes.)

This card can’t be put into your hand or deck from the discard pile."		0: full immunity/Sturdy/probabilistic prevention is explicitly out of scope.
1248	Academy at Night	stadium	0	Once during each player’s turn, that player may put a card from their hand on top of their deck.		0: inspected; no in-scope static HP/damage/weakness/resistance/retreat modifier.
1249	Grand Tree	stadium	0	Once during each player’s turn, that player may search their deck for a Stage 1 Pokémon that evolves from 1 of their Basic Pokémon and put it onto that Pokémon to evolve it. If that Pokémon was evolved in this way, that player may search their deck for a Stage 2 Pokémon that evolves from that Pokémon and put it onto that Pokémon to evolve it. Then, that player shuffles their deck. (Players can’t evolve a Basic Pokémon during their first turn or a Basic Pokémon that was put into play this turn.)		0: inspected; no in-scope static HP/damage/weakness/resistance/retreat modifier.
1250	Area Zero Underdepths	stadium	0	"Each player who has any Tera Pokémon in play can have up to 8 Pokémon on their Bench.

If a player no longer has any Tera Pokémon in play, that player discards Pokémon from their Bench until they have 5. When this card leaves play, both players discard Pokémon from their Bench until they have 5, and the player who played this card discards first."		0: inspected; no in-scope static HP/damage/weakness/resistance/retreat modifier.
1251	Lively Stadium	stadium	bake	Each Basic Pokémon in play (both yours and your opponent’s) gets +30 HP.	hp_delta=30, scope=all, condition=holder_is_basic	Implemented in stat_bakes.py.
1252	Gravity Mountain	stadium	bake	Each Stage 2 Pokémon in play (both yours and your opponent’s) gets -30 HP.	hp_delta=-30, scope=all, condition=holder_is_stage2	Implemented in stat_bakes.py.
1253	N’s Castle	stadium	bake	N’s Pokémon in play (both yours and your opponent’s) have no Retreat Cost.	retreat_set=0, scope=all, condition=holder_is_ns	Implemented in stat_bakes.py.
1254	Levincia	stadium	0	Once during each player’s turn, that player may put up to 2 Basic {L} Energy cards from their discard pile into their hand.		0: inspected; no in-scope static HP/damage/weakness/resistance/retreat modifier.
1255	Postwick	stadium	bake	Attacks used by Hop’s Pokémon (both yours and your opponent’s) do 30 more damage to the opponent’s Active Pokémon (before applying Weakness and Resistance).	damage_dealt_delta=30, scope=all, condition=holder_is_hops	Implemented in stat_bakes.py.
1256	Team Rocket's Watchtower	stadium	bake	{C} Pokémon in play (both yours and your opponent’s) have no Abilities.	suppression handled by Board	Implemented in stat_bakes.py.
1257	Team Rocket's Factory	stadium	0	"Once during each player’s turn, if they played a Supporter card that has ""Team Rocket"" in its name from their hand this turn, they may draw 2 cards."		0: inspected; no in-scope static HP/damage/weakness/resistance/retreat modifier.
1258	Granite Cave	stadium	bake	Steven’s Pokémon (both yours and your opponent’s) take 30 less damage from attacks from the opponent’s Pokémon (after applying Weakness and Resistance).	damage_taken_delta=-30, scope=all, condition=holder_is_stevens	Implemented in stat_bakes.py.
1259	Spikemuth Gym	stadium	0	Once during each player’s turn, that player may search their deck for a Marnie’s Pokémon, reveal it, and put it into their hand. Then, that player shuffles their deck.		0: inspected; no in-scope static HP/damage/weakness/resistance/retreat modifier.
1260	Risky Ruins	stadium	0	Whenever any player puts a Basic non-{D} Pokémon onto their Bench during their turn, place 2 damage counters on that Pokémon.		0: event-triggered damage-counter movement/placement is not a static attack modifier.
1261	Forest of Vitality	stadium	0	Each player’s {G} Pokémon can evolve into {G} Pokémon during the turn they play those Pokémon, except during their first turn.		0: inspected; no in-scope static HP/damage/weakness/resistance/retreat modifier.
1262	Surfing Beach	stadium	0	Once during each player’s turn, that player may switch their Active {W} Pokémon with 1 of their Benched {W} Pokémon.		0: inspected; no in-scope static HP/damage/weakness/resistance/retreat modifier.
1263	Mystery Garden	stadium	0	Once during each player’s turn, that player may discard an Energy card from their hand in order to draw cards until they have as many cards in their hand as they have {P} Pokémon in play.		0: inspected; no in-scope static HP/damage/weakness/resistance/retreat modifier.
1264	Battle Cage	stadium	0	Prevent all damage counters from being placed on Benched Pokémon (both yours and your opponent’s) by effects of attacks and Abilities from the opponent’s Pokémon. (Damage from attacks is still taken.)		0: full immunity/Sturdy/probabilistic prevention is explicitly out of scope.
1265	Dizzying Valley	stadium	0	Confused Pokémon (both yours and your opponent’s) don’t recover from that Special Condition when they evolve or devolve.		0: inspected; no in-scope static HP/damage/weakness/resistance/retreat modifier.
1266	Nighttime Mine	stadium	bake	Attacks used by each Tera Pokémon in play (both yours and your opponent’s) cost {C} more.	attack_cost_delta=1, scope=all, condition=holder_is_tera	Implemented in stat_bakes.py.
1267	Lumiose City	stadium	0	Once during each player’s turn, that player may search their deck for a Basic Pokémon and put it onto their Bench. Then, that player shuffles their deck. If a player searches their deck in this way, their turn ends.		0: inspected; no in-scope static HP/damage/weakness/resistance/retreat modifier.
1154	Team Rocket’s Hypnotizer	tool	0	If the Team Rocket’s Pokémon this card is attached to is in the Active Spot and is damaged by an attack from your opponent’s Pokémon (even if this Team Rocket’s Pokémon is Knocked Out), the Attacking Pokémon is now Asleep.		0: inspected; no in-scope static HP/damage/weakness/resistance/retreat modifier.
1155	Survival Brace	tool	0	If the Pokémon this card is attached to has full HP and would be Knocked Out by damage from an attack from your opponent’s Pokémon, it is not Knocked Out, and its remaining HP becomes 10. Then, discard this card.		0: full immunity/Sturdy/probabilistic prevention is explicitly out of scope.
1156	Lucky Helmet	tool	0	If the Pokémon this card is attached to is in the Active Spot and is damaged by an attack from your opponent’s Pokémon (even if this Pokémon is Knocked Out), draw 2 cards.		0: inspected; no in-scope static HP/damage/weakness/resistance/retreat modifier.
1157	Rescue Board	tool	bake	The Retreat Cost of the Pokémon this card is attached to is {C} less. If that Pokémon’s remaining HP is 30 or less, it has no Retreat Cost.	retreat_delta=-1, scope=self; retreat_set=0, scope=self, condition=hp_30_or_less	Implemented in stat_bakes.py.
1158	Maximum Belt	tool	bake	Attacks used by the Pokémon this card is attached to do 50 more damage to your opponent’s Active Pokémon {ex} (before applying Weakness and Resistance).	damage_dealt_delta=50, scope=self, condition=defender_is_ex	Implemented in stat_bakes.py.
1159	Hero’s Cape	tool	0	The Pokémon this card is attached to gets +100 HP.		0: HP Tool is already reflected in observed maxHp/hp.
1160	Heavy Baton	tool	0	If the Pokémon this card is attached to has a Retreat Cost of exactly 4, is in the Active Spot, and is Knocked Out by damage from an attack from your opponent’s Pokémon, move up to 3 Basic Energy cards from that Pokémon to your Benched Pokémon in any way you like.		0: no fixed v1 attack-cost reduction representable by this effect.
1161	Handheld Fan	tool	0	If the Pokémon this card is attached to is in the Active Spot and is damaged by an attack from your opponent’s Pokémon (even if this Pokémon is Knocked Out), move an Energy from the Attacking Pokémon to 1 of your opponent’s Benched Pokémon.		0: inspected; no in-scope static HP/damage/weakness/resistance/retreat modifier.
1162	Binding Mochi	tool	bake	Attacks used by the Poisoned Pokémon this card is attached to do 40 more damage to your opponent’s Active Pokémon (before applying Weakness and Resistance).	damage_dealt_delta=40, scope=self	Implemented in stat_bakes.py.
1163	Powerglass	tool	0	At the end of your turn (after your attack), if the Pokémon this card is attached to is in the Active Spot, you may attach a Basic Energy card from your discard pile to it.		0: inspected; no in-scope static HP/damage/weakness/resistance/retreat modifier.
1164	Payapa Berry	tool	bake	If the Pokémon this card is attached to is damaged by an attack from your opponent’s {P} Pokémon, it takes 60 less damage (after applying Weakness and Resistance), and discard this card.	damage_taken_delta=-60, scope=self, condition=attacker_is_psychic	Implemented in stat_bakes.py.
1165	Sparkling Crystal	tool	bake	When the Tera Pokémon this card is attached to uses an attack, that attack costs 1 Energy less. (The Energy can be of any type.)	attack_cost_delta=-1, scope=self, condition=holder_is_tera	Implemented in stat_bakes.py.
1166	Gravity Gemstone	tool	bake	As long as the Pokémon this card is attached to is in the Active Spot, the Retreat Cost of both Active Pokémon is {C} more.	retreat_delta=1, scope=all, condition=is_active, source_condition=source_is_active	Implemented in stat_bakes.py.
1167	Deluxe Bomb	tool	0	If the Pokémon this card is attached to is in the Active Spot and is damaged by an attack from your opponent’s Pokémon (even if this Pokémon is Knocked Out), put 12 damage counters on the Attacking Pokémon. If you placed any damage counters in this way, discard this card.		0: event-triggered damage-counter movement/placement is not a static attack modifier.
1168	Counter Gain	tool	bake	If you have more Prize cards remaining than your opponent, attacks used by the Pokémon this card is attached to cost {C} less.	attack_cost_delta=-1, scope=self, condition=more_prizes_remaining	Implemented in stat_bakes.py.
1169	Amulet of Hope	tool	0	If the Pokémon this card is attached to is Knocked Out by damage from an attack from your opponent’s Pokémon, search your deck for up to 3 cards and put them into your hand. Then, shuffle your deck.		0: inspected; no in-scope static HP/damage/weakness/resistance/retreat modifier.
1170	Haban Berry	tool	bake	If the Pokémon this card is attached to is damaged by an attack from your opponent’s {N} Pokémon, it takes 60 less damage (after applying Weakness and Resistance), and discard this card.	damage_taken_delta=-60, scope=self, condition=attacker_is_dragon	Implemented in stat_bakes.py.
1171	Hop’s Choice Band	tool	bake	Attacks used by the Hop’s Pokémon this card is attached to cost {C} less and do 30 more damage to your opponent’s Active Pokémon (before applying Weakness and Resistance).	damage_dealt_delta=30, scope=self, condition=holder_is_hops; attack_cost_delta=-1, scope=self, condition=holder_is_hops	Implemented in stat_bakes.py.
1172	Lillie’s Pearl	tool	0	If the Lillie’s Pokémon this card is attached to is Knocked Out by damage from an attack from your opponent’s Pokémon, that player takes 1 fewer Prize card.		0: inspected; no in-scope static HP/damage/weakness/resistance/retreat modifier.
1173	Cynthia's Power Weight	tool	0	The Cynthia’s Pokémon this card is attached to gets +70 HP.		0: HP Tool is already reflected in observed maxHp/hp.
1174	Air Balloon	tool	bake	The Retreat Cost of the Pokémon this card is attached to is {C}{C} less.	retreat_delta=-2, scope=self	Implemented in stat_bakes.py.
1175	Brave Bangle	tool	bake	If the Pokémon this card is attached to doesn’t have a Rule Box, the attacks it uses do 30 more damage to your opponent’s Active Pokémon {ex} (before applying Weakness and Resistance). (Pokémon {ex}, Pokémon {V}, etc. have Rule Boxes.)	damage_dealt_delta=30, scope=self, condition=holder_plain_defender_ex	Implemented in stat_bakes.py.
1176	Punk Helmet	tool	0	If the {D} Pokémon this card is attached to is in the Active Spot and is damaged by an attack from your opponent’s Pokémon (even if this Pokémon is Knocked Out), place 4 damage counters on the Attacking Pokémon.		0: event-triggered damage-counter movement/placement is not a static attack modifier.
1177	Sacred Charm	tool	bake	The Pokémon this card is attached to takes 30 less damage from attacks from your opponent’s Pokémon that have an Ability (after applying Weakness and Resistance).	damage_taken_delta=-30, scope=self, condition=attacker_has_ability	Implemented in stat_bakes.py.
1178	Light Ball	tool	bake	Attacks used by the Pikachu {ex} this card is attached to do 50 more damage to your opponent’s Active Pokémon {ex} (before applying Weakness and Resistance).	damage_dealt_delta=50, scope=self, condition=holder_pikachu_ex_defender_ex	Implemented in stat_bakes.py.
1179	Thick Scale	tool	bake	The {N} Pokémon this card is attached to takes 50 less damage from attacks from your opponent’s {G}, {R}, {W}, or {L} Pokémon (after applying Weakness and Resistance).	damage_taken_delta=-50, scope=self, condition=holder_dragon_attacker_gfwl	Implemented in stat_bakes.py.
1180	Core Memory	tool	0	The Mega Zygarde {ex} this card is attached to can use the attack on this card. (You still need the necessary Energy to use this attack.)		0: inspected; no in-scope static HP/damage/weakness/resistance/retreat modifier.
