card_id,card_name,card_class,subtype,decks_with_card,database_name,database_row_count,database_attack_count,database_effect_count,engine_card_id,engine_name,engine_card_type,engine_attack_ids,engine_attack_names,engine_skill_names,engine_skill_count,database_tera,engine_tera,definition_status,formatting_normalizations,source_path,source_line,match_method,mapping_status
1,Basic {G} Energy,energy,Basic Energy,8957,Basic {G} Energy,1,0,0,1,Basic {G} Energy,BASIC_ENERGY,[],[],[],0,False,False,exact_after_format_normalization,[],Imitation-Learning/ptcg_engine/ptcgProgram 22/CardImpl.h,20,exact_numeric_id+exact_name+class,mapped
2,Basic {R} Energy,energy,Basic Energy,856,Basic {R} Energy,1,0,0,2,Basic {R} Energy,BASIC_ENERGY,[],[],[],0,False,False,exact_after_format_normalization,[],Imitation-Learning/ptcg_engine/ptcgProgram 22/CardImpl.h,24,exact_numeric_id+exact_name+class,mapped
3,Basic {W} Energy,energy,Basic Energy,2967,Basic {W} Energy,1,0,0,3,Basic {W} Energy,BASIC_ENERGY,[],[],[],0,False,False,exact_after_format_normalization,[],Imitation-Learning/ptcg_engine/ptcgProgram 22/CardImpl.h,28,exact_numeric_id+exact_name+class,mapped
4,Basic {L} Energy,energy,Basic Energy,9,Basic {L} Energy,1,0,0,4,Basic {L} Energy,BASIC_ENERGY,[],[],[],0,False,False,exact_after_format_normalization,[],Imitation-Learning/ptcg_engine/ptcgProgram 22/CardImpl.h,32,exact_numeric_id+exact_name+class,mapped
5,Basic {P} Energy,energy,Basic Energy,13840,Basic {P} Energy,1,0,0,5,Basic {P} Energy,BASIC_ENERGY,[],[],[],0,False,False,exact_after_format_normalization,[],Imitation-Learning/ptcg_engine/ptcgProgram 22/CardImpl.h,36,exact_numeric_id+exact_name+class,mapped
6,Basic {F} Energy,energy,Basic Energy,2142,Basic {F} Energy,1,0,0,6,Basic {F} Energy,BASIC_ENERGY,[],[],[],0,False,False,exact_after_format_normalization,[],Imitation-Learning/ptcg_engine/ptcgProgram 22/CardImpl.h,40,exact_numeric_id+exact_name+class,mapped
7,Basic {D} Energy,energy,Basic Energy,5419,Basic {D} Energy,1,0,0,7,Basic {D} Energy,BASIC_ENERGY,[],[],[],0,False,False,exact_after_format_normalization,[],Imitation-Learning/ptcg_engine/ptcgProgram 22/CardImpl.h,44,exact_numeric_id+exact_name+class,mapped
8,Basic {M} Energy,energy,Basic Energy,273,Basic {M} Energy,1,0,0,8,Basic {M} Energy,BASIC_ENERGY,[],[],[],0,False,False,exact_after_format_normalization,[],Imitation-Learning/ptcg_engine/ptcgProgram 22/CardImpl.h,48,exact_numeric_id+exact_name+class,mapped
11,Mist Energy,energy,Special Energy,6765,Mist Energy,1,0,1,11,Mist Energy,SPECIAL_ENERGY,[],[],"[""Mist Energy""]",1,False,False,exact_after_format_normalization,[],Imitation-Learning/ptcg_engine/ptcgProgram 22/CardImpl.h,69,exact_numeric_id+exact_name+class,mapped
12,Legacy Energy,energy,Special Energy,25,Legacy Energy,1,0,1,12,Legacy Energy,SPECIAL_ENERGY,[],[],"[""Legacy Energy""]",1,False,False,exact_after_format_normalization,[],Imitation-Learning/ptcg_engine/ptcgProgram 22/CardImpl.h,76,exact_numeric_id+exact_name+class,mapped
13,Enriching Energy,energy,Special Energy,10921,Enriching Energy,1,0,1,13,Enriching Energy,SPECIAL_ENERGY,[],[],"[""Enriching Energy""]",1,False,False,exact_after_format_normalization,[],Imitation-Learning/ptcg_engine/ptcgProgram 22/CardImpl.h,85,exact_numeric_id+exact_name+class,mapped
14,Spiky Energy,energy,Special Energy,6576,Spiky Energy,1,0,1,14,Spiky Energy,SPECIAL_ENERGY,[],[],"[""Spiky Energy""]",1,False,False,exact_after_format_normalization,[],Imitation-Learning/ptcg_engine/ptcgProgram 22/CardImpl.h,93,exact_numeric_id+exact_name+class,mapped
15,Team Rocket's Energy,energy,Special Energy,1229,Team Rocket's Energy,1,0,1,15,Team Rocket's Energy,SPECIAL_ENERGY,[],[],"[""Team Rocket's Energy""]",1,False,False,exact_after_format_normalization,[],Imitation-Learning/ptcg_engine/ptcgProgram 22/CardImpl.h,4183,exact_numeric_id+exact_name+class,mapped
16,Prism Energy,energy,Special Energy,826,Prism Energy,1,0,1,16,Prism Energy,SPECIAL_ENERGY,[],[],"[""Prism Energy""]",1,False,False,exact_after_format_normalization,[],Imitation-Learning/ptcg_engine/ptcgProgram 22/CardImpl.h,4190,exact_numeric_id+exact_name+class,mapped
17,Ignition Energy,energy,Special Energy,995,Ignition Energy,1,0,1,17,Ignition Energy,SPECIAL_ENERGY,[],[],"[""Ignition Energy""]",1,False,False,exact_after_format_normalization,[],Imitation-Learning/ptcg_engine/ptcgProgram 22/CardImpl.h,4196,exact_numeric_id+exact_name+class,mapped
18,Grow Grass Energy,energy,Special Energy,7271,Grow Grass Energy,1,0,1,18,Grow Grass Energy,SPECIAL_ENERGY,[],[],"[""Grow Grass Energy""]",1,False,False,exact_after_format_normalization,[],Imitation-Learning/ptcg_engine/ptcgProgram 22/CardImpl.h,10388,exact_numeric_id+exact_name+class,mapped
19,Telepath Psychic Energy,energy,Special Energy,12912,Telepath Psychic Energy,1,0,1,19,Telepath Psychic Energy,SPECIAL_ENERGY,[],[],"[""Telepath Psychic Energy""]",1,False,False,exact_after_format_normalization,[],Imitation-Learning/ptcg_engine/ptcgProgram 22/CardImpl.h,10395,exact_numeric_id+exact_name+class,mapped
20,Rock Fighting Energy,energy,Special Energy,1212,Rock Fighting Energy,1,0,1,20,Rock Fighting Energy,SPECIAL_ENERGY,[],[],"[""Rock Fighting Energy""]",1,False,False,exact_after_format_normalization,[],Imitation-Learning/ptcg_engine/ptcgProgram 22/CardImpl.h,10403,exact_numeric_id+exact_name+class,mapped
31,Chi-Yu,pokemon,Basic Pokémon,109,Chi-Yu,2,2,0,31,Chi-Yu,POKEMON,"[19,20]","[""Allure"",""Ground Melter""]",[],0,False,False,exact_after_format_normalization,[],Imitation-Learning/ptcg_engine/ptcgProgram 22/CardImpl.h,12557,exact_numeric_id+exact_name+class,mapped
42,Applin,pokemon,Basic Pokémon,1,Applin,2,2,0,42,Applin,POKEMON,"[37,38]","[""Find a Friend"",""Rolling Tackle""]",[],0,False,False,exact_after_format_normalization,[],Imitation-Learning/ptcg_engine/ptcgProgram 22/CardImpl.h,12584,exact_numeric_id+exact_name+class,mapped
57,Relicanth,pokemon,Basic Pokémon,125,Relicanth,2,1,1,57,Relicanth,POKEMON,[61],"[""Razor Fin""]","[""Memory Dive""]",1,False,False,exact_after_format_normalization,"[{""kind"":""effect_name"",""index"":0}]",Imitation-Learning/ptcg_engine/ptcgProgram 22/CardImpl.h,436,exact_numeric_id+exact_name+class,mapped
58,Great Tusk,pokemon,Basic Pokémon,156,Great Tusk,2,2,0,58,Great Tusk,POKEMON,"[62,63]","[""Land Collapse"",""Giant Tusk""]",[],0,False,False,exact_after_format_normalization,[],Imitation-Learning/ptcg_engine/ptcgProgram 22/CardImpl.h,446,exact_numeric_id+exact_name+class,mapped
63,Raging Bolt ex,pokemon,Basic Pokémon,9,Raging Bolt ex,2,2,0,63,Raging Bolt ex,POKEMON,"[71,72]","[""Burst Roar"",""Bellowing Thunder""]",[],0,False,False,exact_after_format_normalization,[],Imitation-Learning/ptcg_engine/ptcgProgram 22/CardImpl.h,500,exact_numeric_id+exact_name+class,mapped
65,Dunsparce,pokemon,Basic Pokémon,326,Dunsparce,2,2,0,65,Dunsparce,POKEMON,"[74,75]","[""Gnaw"",""Dig""]",[],0,False,False,exact_after_format_normalization,[],Imitation-Learning/ptcg_engine/ptcgProgram 22/CardImpl.h,515,exact_numeric_id+exact_name+class,mapped
66,Dudunsparce,pokemon,Stage 1 Pokémon,14039,Dudunsparce,2,1,1,66,Dudunsparce,POKEMON,[76],"[""Land Crush""]","[""Run Away Draw""]",1,False,False,exact_after_format_normalization,"[{""kind"":""effect_name"",""index"":0}]",Imitation-Learning/ptcg_engine/ptcgProgram 22/CardImpl.h,527,exact_numeric_id+exact_name+class,mapped
73,Rellor,pokemon,Basic Pokémon,198,Rellor,1,1,0,73,Rellor,POKEMON,[87],"[""Slight Intrusion""]",[],0,False,False,exact_after_format_normalization,[],Imitation-Learning/ptcg_engine/ptcgProgram 22/CardImpl.h,586,exact_numeric_id+exact_name+class,mapped
74,Rabsca,pokemon,Stage 1 Pokémon,198,Rabsca,2,1,1,74,Rabsca,POKEMON,[88],"[""Psychic""]","[""Spherical Shield""]",1,False,False,exact_after_format_normalization,"[{""kind"":""effect_name"",""index"":0}]",Imitation-Learning/ptcg_engine/ptcgProgram 22/CardImpl.h,594,exact_numeric_id+exact_name+class,mapped
89,Grookey,pokemon,Basic Pokémon,493,Grookey,2,2,0,89,Grookey,POKEMON,"[109,110]","[""Smash Kick"",""Branch Poke""]",[],0,False,False,exact_after_format_normalization,[],Imitation-Learning/ptcg_engine/ptcgProgram 22/CardImpl.h,752,exact_numeric_id+exact_name+class,mapped
90,Thwackey,pokemon,Stage 1 Pokémon,493,Thwackey,2,1,1,90,Thwackey,POKEMON,[111],"[""Beat""]","[""Boom Boom Groove""]",1,False,False,exact_after_format_normalization,"[{""kind"":""effect_name"",""index"":0}]",Imitation-Learning/ptcg_engine/ptcgProgram 22/CardImpl.h,761,exact_numeric_id+exact_name+class,mapped
92,Applin,pokemon,Basic Pokémon,499,Applin,1,1,0,92,Applin,POKEMON,[114],"[""Tumbling Attack""]",[],0,False,False,exact_after_format_normalization,[],Imitation-Learning/ptcg_engine/ptcgProgram 22/CardImpl.h,12689,exact_numeric_id+exact_name+class,mapped
93,Dipplin,pokemon,Stage 1 Pokémon,499,Dipplin,2,1,1,93,Dipplin,POKEMON,[115],"[""Do the Wave""]","[""Festival Lead""]",1,False,False,exact_after_format_normalization,"[{""kind"":""effect_name"",""index"":0}]",Imitation-Learning/ptcg_engine/ptcgProgram 22/CardImpl.h,786,exact_numeric_id+exact_name+class,mapped
96,Teal Mask Ogerpon ex,pokemon,Basic Pokémon,16,Teal Mask Ogerpon ex,3,1,1,96,Teal Mask Ogerpon ex,POKEMON,[120],"[""Myriad Leaf Shower""]","[""Teal Dance""]",1,True,True,exact_after_format_normalization,"[{""kind"":""effect_name"",""index"":0}]",Imitation-Learning/ptcg_engine/ptcgProgram 22/CardImpl.h,823,exact_numeric_id+exact_name+class,mapped
104,Froslass,pokemon,Stage 1 Pokémon,2732,Froslass,2,1,1,104,Froslass,POKEMON,[131],"[""Frost Smash""]","[""Freezing Shroud""]",1,False,False,exact_after_format_normalization,"[{""kind"":""effect_name"",""index"":0}]",Imitation-Learning/ptcg_engine/ptcgProgram 22/CardImpl.h,884,exact_numeric_id+exact_name+class,mapped
108,Wellspring Mask Ogerpon ex,pokemon,Basic Pokémon,9,Wellspring Mask Ogerpon ex,3,2,0,108,Wellspring Mask Ogerpon ex,POKEMON,"[135,136]","[""Sob"",""Torrential Pump""]",[],0,True,True,exact_after_format_normalization,[],Imitation-Learning/ptcg_engine/ptcgProgram 22/CardImpl.h,931,exact_numeric_id+exact_name+class,mapped
109,Abra,pokemon,Basic Pokémon,141,Abra,2,1,1,109,Abra,POKEMON,[137],"[""Beam""]","[""Teleporter""]",1,False,False,exact_after_format_normalization,"[{""kind"":""effect_name"",""index"":0}]",Imitation-Learning/ptcg_engine/ptcgProgram 22/CardImpl.h,947,exact_numeric_id+exact_name+class,mapped
112,Munkidori,pokemon,Basic Pokémon,5480,Munkidori,2,1,1,112,Munkidori,POKEMON,[141],"[""Mind Bend""]","[""Adrena-Brain""]",1,False,False,exact_after_format_normalization,"[{""kind"":""effect_name"",""index"":0}]",Imitation-Learning/ptcg_engine/ptcgProgram 22/CardImpl.h,959,exact_numeric_id+exact_name+class,mapped
116,Okidogi,pokemon,Basic Pokémon,20,Okidogi,2,1,1,116,Okidogi,POKEMON,[147],"[""Good Punch""]","[""Adrena-Power""]",1,False,False,exact_after_format_normalization,"[{""kind"":""effect_name"",""index"":0}]",Imitation-Learning/ptcg_engine/ptcgProgram 22/CardImpl.h,1007,exact_numeric_id+exact_name+class,mapped
117,Cornerstone Mask Ogerpon ex,pokemon,Basic Pokémon,1231,Cornerstone Mask Ogerpon ex,3,1,1,117,Cornerstone Mask Ogerpon ex,POKEMON,[148],"[""Demolish""]","[""Cornerstone Stance""]",1,True,True,exact_after_format_normalization,"[{""kind"":""effect_name"",""index"":0}]",Imitation-Learning/ptcg_engine/ptcgProgram 22/CardImpl.h,1019,exact_numeric_id+exact_name+class,mapped
119,Dreepy,pokemon,Basic Pokémon,715,Dreepy,2,2,0,119,Dreepy,POKEMON,"[150,151]","[""Petty Grudge"",""Bite""]",[],0,False,False,exact_after_format_normalization,[],Imitation-Learning/ptcg_engine/ptcgProgram 22/CardImpl.h,1031,exact_numeric_id+exact_name+class,mapped
120,Drakloak,pokemon,Stage 1 Pokémon,715,Drakloak,2,1,1,120,Drakloak,POKEMON,[152],"[""Dragon Headbutt""]","[""Recon Directive""]",1,False,False,exact_after_format_normalization,"[{""kind"":""effect_name"",""index"":0}]",Imitation-Learning/ptcg_engine/ptcgProgram 22/CardImpl.h,1039,exact_numeric_id+exact_name+class,mapped
121,Dragapult ex,pokemon,Stage 2 Pokémon,715,Dragapult ex,3,2,0,121,Dragapult ex,POKEMON,"[153,154]","[""Jet Headbutt"",""Phantom Dive""]",[],0,True,True,exact_after_format_normalization,[],Imitation-Learning/ptcg_engine/ptcgProgram 22/CardImpl.h,1049,exact_numeric_id+exact_name+class,mapped
122,Tatsugiri,pokemon,Basic Pokémon,55,Tatsugiri,2,1,1,122,Tatsugiri,POKEMON,[155],"[""Surf""]","[""Attract Customers""]",1,False,False,exact_after_format_normalization,"[{""kind"":""effect_name"",""index"":0}]",Imitation-Learning/ptcg_engine/ptcgProgram 22/CardImpl.h,1060,exact_numeric_id+exact_name+class,mapped
131,Duskull,pokemon,Basic Pokémon,1035,Duskull,2,2,0,131,Duskull,POKEMON,"[169,170]","[""Come and Get You"",""Mumble""]",[],0,False,False,exact_after_format_normalization,[],Imitation-Learning/ptcg_engine/ptcgProgram 22/CardImpl.h,1163,exact_numeric_id+exact_name+class,mapped
132,Dusclops,pokemon,Stage 1 Pokémon,1035,Dusclops,2,1,1,132,Dusclops,POKEMON,[171],"[""Will-O-Wisp""]","[""Cursed Blast""]",1,False,False,exact_after_format_normalization,"[{""kind"":""effect_name"",""index"":0}]",Imitation-Learning/ptcg_engine/ptcgProgram 22/CardImpl.h,1174,exact_numeric_id+exact_name+class,mapped
133,Dusknoir,pokemon,Stage 2 Pokémon,1035,Dusknoir,2,1,1,133,Dusknoir,POKEMON,[172],"[""Shadow Bind""]","[""Cursed Blast""]",1,False,False,exact_after_format_normalization,"[{""kind"":""effect_name"",""index"":0}]",Imitation-Learning/ptcg_engine/ptcgProgram 22/CardImpl.h,1187,exact_numeric_id+exact_name+class,mapped
140,Fezandipiti ex,pokemon,Basic Pokémon,13028,Fezandipiti ex,2,1,1,140,Fezandipiti ex,POKEMON,[183],"[""Cruel Arrow""]","[""Flip the Script""]",1,False,False,exact_after_format_normalization,"[{""kind"":""effect_name"",""index"":0}]",Imitation-Learning/ptcg_engine/ptcgProgram 22/CardImpl.h,1279,exact_numeric_id+exact_name+class,mapped
141,Pecharunt ex,pokemon,Basic Pokémon,9,Pecharunt ex,2,1,1,141,Pecharunt ex,POKEMON,[184],"[""Irritated Outburst""]","[""Subjugating Chains""]",1,False,False,exact_after_format_normalization,"[{""kind"":""effect_name"",""index"":0}]",Imitation-Learning/ptcg_engine/ptcgProgram 22/CardImpl.h,1292,exact_numeric_id+exact_name+class,mapped
150,Hydrapple ex,pokemon,Stage 2 Pokémon,6,Hydrapple ex,2,1,1,150,Hydrapple ex,POKEMON,[195],"[""Syrup Storm""]","[""Ripening Charge""]",1,False,False,exact_after_format_normalization,"[{""kind"":""effect_name"",""index"":0}]",Imitation-Learning/ptcg_engine/ptcgProgram 22/CardImpl.h,1379,exact_numeric_id+exact_name+class,mapped
164,Comfey,pokemon,Basic Pokémon,271,Comfey,2,2,0,164,Comfey,POKEMON,"[215,216]","[""Flower Shower"",""Play Rough""]",[],0,False,False,exact_after_format_normalization,[],Imitation-Learning/ptcg_engine/ptcgProgram 22/CardImpl.h,12815,exact_numeric_id+exact_name+class,mapped
169,Duraludon,pokemon,Basic Pokémon,273,Duraludon,2,2,0,169,Duraludon,POKEMON,"[223,224]","[""Hammer In"",""Raging Hammer""]",[],0,False,False,exact_after_format_normalization,[],Imitation-Learning/ptcg_engine/ptcgProgram 22/CardImpl.h,1580,exact_numeric_id+exact_name+class,mapped
174,Fan Rotom,pokemon,Basic Pokémon,172,Fan Rotom,2,1,1,174,Fan Rotom,POKEMON,[230],"[""Assault Landing""]","[""Fan Call""]",1,False,False,exact_after_format_normalization,"[{""kind"":""effect_name"",""index"":0}]",Imitation-Learning/ptcg_engine/ptcgProgram 22/CardImpl.h,1637,exact_numeric_id+exact_name+class,mapped
183,Smoochum,pokemon,Basic Pokémon,53,Smoochum,1,1,0,183,Smoochum,POKEMON,[242],"[""Delightful Kiss""]",[],0,False,False,exact_after_format_normalization,[],Imitation-Learning/ptcg_engine/ptcgProgram 22/CardImpl.h,12854,exact_numeric_id+exact_name+class,mapped
184,Latias ex,pokemon,Basic Pokémon,217,Latias ex,2,1,1,184,Latias ex,POKEMON,[243],"[""Eon Blade""]","[""Skyliner""]",1,False,False,exact_after_format_normalization,"[{""kind"":""effect_name"",""index"":0}]",Imitation-Learning/ptcg_engine/ptcgProgram 22/CardImpl.h,1734,exact_numeric_id+exact_name+class,mapped
190,Archaludon ex,pokemon,Stage 1 Pokémon,273,Archaludon ex,2,1,1,190,Archaludon ex,POKEMON,[253],"[""Metal Defender""]","[""Assemble Alloy""]",1,False,False,exact_after_format_normalization,"[{""kind"":""effect_name"",""index"":0}]",Imitation-Learning/ptcg_engine/ptcgProgram 22/CardImpl.h,1810,exact_numeric_id+exact_name+class,mapped
214,Togekiss,pokemon,Stage 2 Pokémon,278,Togekiss,2,1,1,214,Togekiss,POKEMON,[288],"[""Speed Wing""]","[""Wonder Kiss""]",1,False,False,exact_after_format_normalization,"[{""kind"":""effect_name"",""index"":0}]",Imitation-Learning/ptcg_engine/ptcgProgram 22/CardImpl.h,2082,exact_numeric_id+exact_name+class,mapped
235,Budew,pokemon,Basic Pokémon,1950,Budew,1,1,0,235,Budew,POKEMON,[323],"[""Itchy Pollen""]",[],0,False,False,exact_after_format_normalization,[],Imitation-Learning/ptcg_engine/ptcgProgram 22/CardImpl.h,2310,exact_numeric_id+exact_name+class,mapped
245,Alakazam,pokemon,Stage 2 Pokémon,565,Alakazam,2,2,0,245,Alakazam,POKEMON,"[338,339]","[""Strange Hacking"",""Psychic""]",[],0,False,False,exact_after_format_normalization,[],Imitation-Learning/ptcg_engine/ptcgProgram 22/CardImpl.h,12948,exact_numeric_id+exact_name+class,mapped
247,Swirlix,pokemon,Basic Pokémon,294,Swirlix,2,1,1,247,Swirlix,POKEMON,[342],"[""Sneaky Placement""]","["" Festival Lead""]",1,False,False,exact_after_format_normalization,"[{""kind"":""effect_name"",""index"":0}]",Imitation-Learning/ptcg_engine/ptcgProgram 22/CardImpl.h,12962,exact_numeric_id+exact_name+class,mapped
257,N’s Darumaka,pokemon,Basic Pokémon,9,N’s Darumaka,2,2,0,257,N’s Darumaka,POKEMON,"[353,354]","[""Rolling Tackle"",""Flare""]",[],0,False,False,exact_after_format_normalization,[],Imitation-Learning/ptcg_engine/ptcgProgram 22/CardImpl.h,2498,exact_numeric_id+exact_name+class,mapped
258,N’s Darmanitan,pokemon,Stage 1 Pokémon,9,N’s Darmanitan,2,2,0,258,N’s Darmanitan,POKEMON,"[355,356]","[""Back Draft"",""Flamebody Cannon""]",[],0,False,False,exact_after_format_normalization,[],Imitation-Learning/ptcg_engine/ptcgProgram 22/CardImpl.h,2508,exact_numeric_id+exact_name+class,mapped
272,Lillie’s Clefairy ex,pokemon,Basic Pokémon,171,Lillie’s Clefairy ex,2,1,1,272,Lillie’s Clefairy ex,POKEMON,[371],"[""Full Moon Rondo""]","[""Fairy Zone""]",1,False,False,exact_after_format_normalization,"[{""kind"":""effect_name"",""index"":0}]",Imitation-Learning/ptcg_engine/ptcgProgram 22/CardImpl.h,2665,exact_numeric_id+exact_name+class,mapped
292,N’s Zorua,pokemon,Basic Pokémon,12,N’s Zorua,1,1,0,292,N’s Zorua,POKEMON,[402],"[""Scratch""]",[],0,False,False,exact_after_format_normalization,[],Imitation-Learning/ptcg_engine/ptcgProgram 22/CardImpl.h,2866,exact_numeric_id+exact_name+class,mapped
293,N’s Zoroark ex,pokemon,Stage 1 Pokémon,12,N’s Zoroark ex,2,1,1,293,N’s Zoroark ex,POKEMON,[403],"[""Night Joker""]","[""Trade""]",1,False,False,exact_after_format_normalization,"[{""kind"":""effect_name"",""index"":0}]",Imitation-Learning/ptcg_engine/ptcgProgram 22/CardImpl.h,2874,exact_numeric_id+exact_name+class,mapped
303,N’s Reshiram,pokemon,Basic Pokémon,12,N’s Reshiram,2,2,0,303,N’s Reshiram,POKEMON,"[420,421]","[""Powerful Rage"",""Virtuous Flame""]",[],0,False,False,exact_after_format_normalization,[],Imitation-Learning/ptcg_engine/ptcgProgram 22/CardImpl.h,2997,exact_numeric_id+exact_name+class,mapped
305,Dunsparce,pokemon,Basic Pokémon,13878,Dunsparce,2,2,0,305,Dunsparce,POKEMON,"[423,424]","[""Trading Places"",""Ram""]",[],0,False,False,exact_after_format_normalization,[],Imitation-Learning/ptcg_engine/ptcgProgram 22/CardImpl.h,3019,exact_numeric_id+exact_name+class,mapped
306,Dudunsparce ex,pokemon,Stage 1 Pokémon,96,Dudunsparce ex,2,2,0,306,Dudunsparce ex,POKEMON,"[425,426]","[""Tenacious Tail"",""Destructive Drill""]",[],0,False,False,exact_after_format_normalization,[],Imitation-Learning/ptcg_engine/ptcgProgram 22/CardImpl.h,3030,exact_numeric_id+exact_name+class,mapped
333,Riolu,pokemon,Basic Pokémon,5,Riolu,1,1,0,333,Riolu,POKEMON,[464],"[""Quick Attack""]",[],0,False,False,exact_after_format_normalization,[],Imitation-Learning/ptcg_engine/ptcgProgram 22/CardImpl.h,13096,exact_numeric_id+exact_name+class,mapped
341,Cynthia's Roselia,pokemon,Basic Pokémon,866,Cynthia's Roselia,1,1,0,341,Cynthia's Roselia,POKEMON,[475],"[""Spike Sting""]",[],0,False,False,exact_after_format_normalization,[],Imitation-Learning/ptcg_engine/ptcgProgram 22/CardImpl.h,4244,exact_numeric_id+exact_name+class,mapped
342,Cynthia's Roserade,pokemon,Stage 1 Pokémon,866,Cynthia's Roserade,2,1,1,342,Cynthia's Roserade,POKEMON,[476],"[""Leaf Step""]","["" Cheer On to Glory""]",1,False,False,exact_after_format_normalization,"[{""kind"":""effect_name"",""index"":0}]",Imitation-Learning/ptcg_engine/ptcgProgram 22/CardImpl.h,4252,exact_numeric_id+exact_name+class,mapped
343,Shaymin,pokemon,Basic Pokémon,14182,Shaymin,2,1,1,343,Shaymin,POKEMON,[477],"[""Smash Kick""]","["" Flower Curtain""]",1,False,False,exact_after_format_normalization,"[{""kind"":""effect_name"",""index"":0}]",Imitation-Learning/ptcg_engine/ptcgProgram 22/CardImpl.h,4264,exact_numeric_id+exact_name+class,mapped
344,Dwebble,pokemon,Basic Pokémon,7397,Dwebble,1,1,0,344,Dwebble,POKEMON,[478],"[""Ascension""]",[],0,False,False,exact_after_format_normalization,[],Imitation-Learning/ptcg_engine/ptcgProgram 22/CardImpl.h,4274,exact_numeric_id+exact_name+class,mapped
345,Crustle,pokemon,Stage 1 Pokémon,7397,Crustle,2,1,1,345,Crustle,POKEMON,[479],"[""Superb Scissors""]","["" Mysterious Rock Inn""]",1,False,False,exact_after_format_normalization,"[{""kind"":""effect_name"",""index"":0}]",Imitation-Learning/ptcg_engine/ptcgProgram 22/CardImpl.h,4286,exact_numeric_id+exact_name+class,mapped
379,Cynthia's Gible,pokemon,Basic Pokémon,866,Cynthia's Gible,1,1,0,379,Cynthia's Gible,POKEMON,[529],"[""Rock Hurl""]",[],0,False,False,exact_after_format_normalization,[],Imitation-Learning/ptcg_engine/ptcgProgram 22/CardImpl.h,4667,exact_numeric_id+exact_name+class,mapped
380,Cynthia's Gabite,pokemon,Stage 1 Pokémon,866,Cynthia's Gabite,2,1,1,380,Cynthia's Gabite,POKEMON,[530],"[""Dragonslice""]","["" Champion’s Call""]",1,False,False,exact_after_format_normalization,"[{""kind"":""effect_name"",""index"":0}]",Imitation-Learning/ptcg_engine/ptcgProgram 22/CardImpl.h,4676,exact_numeric_id+exact_name+class,mapped
381,Cynthia's Garchomp ex,pokemon,Stage 2 Pokémon,866,Cynthia's Garchomp ex,2,2,0,381,Cynthia's Garchomp ex,POKEMON,"[531,532]","[""Corkscrew Dive"",""Draconic Buster""]",[],0,False,False,exact_after_format_normalization,[],Imitation-Learning/ptcg_engine/ptcgProgram 22/CardImpl.h,4688,exact_numeric_id+exact_name+class,mapped
387,Cynthia's Spiritomb,pokemon,Basic Pokémon,659,Cynthia's Spiritomb,1,1,0,387,Cynthia's Spiritomb,POKEMON,[540],"[""Raging Curse""]",[],0,False,False,exact_after_format_normalization,[],Imitation-Learning/ptcg_engine/ptcgProgram 22/CardImpl.h,4758,exact_numeric_id+exact_name+class,mapped
400,Team Rocket's Tarountula,pokemon,Basic Pokémon,1213,Team Rocket's Tarountula,1,1,0,400,Team Rocket's Tarountula,POKEMON,[559],"[""Take Down""]",[],0,False,False,exact_after_format_normalization,[],Imitation-Learning/ptcg_engine/ptcgProgram 22/CardImpl.h,4895,exact_numeric_id+exact_name+class,mapped
401,Team Rocket's Spidops,pokemon,Stage 1 Pokémon,1213,Team Rocket's Spidops,2,1,1,401,Team Rocket's Spidops,POKEMON,[560],"[""Rocket Rush""]","["" Charging Up""]",1,False,False,exact_after_format_normalization,"[{""kind"":""effect_name"",""index"":0}]",Imitation-Learning/ptcg_engine/ptcgProgram 22/CardImpl.h,4904,exact_numeric_id+exact_name+class,mapped
414,Team Rocket's Articuno,pokemon,Basic Pokémon,2837,Team Rocket's Articuno,2,1,1,414,Team Rocket's Articuno,POKEMON,[583],"[""Dark Frost""]","["" Repelling Veil""]",1,False,False,exact_after_format_normalization,"[{""kind"":""effect_name"",""index"":0}]",Imitation-Learning/ptcg_engine/ptcgProgram 22/CardImpl.h,5054,exact_numeric_id+exact_name+class,mapped
431,Team Rocket's Mewtwo ex,pokemon,Basic Pokémon,1213,Team Rocket's Mewtwo ex,2,1,1,431,Team Rocket's Mewtwo ex,POKEMON,[608],"[""Erasure Ball""]","["" Power Saver""]",1,False,False,exact_after_format_normalization,"[{""kind"":""effect_name"",""index"":0}]",Imitation-Learning/ptcg_engine/ptcgProgram 22/CardImpl.h,5261,exact_numeric_id+exact_name+class,mapped
432,Team Rocket's Wobbuffet,pokemon,Basic Pokémon,201,Team Rocket's Wobbuffet,2,2,0,432,Team Rocket's Wobbuffet,POKEMON,"[609,610]","[""Rocket Mirror"",""Headbutt Bounce""]",[],0,False,False,exact_after_format_normalization,[],Imitation-Learning/ptcg_engine/ptcgProgram 22/CardImpl.h,5278,exact_numeric_id+exact_name+class,mapped
434,Team Rocket's Mimikyu,pokemon,Basic Pokémon,1213,Team Rocket's Mimikyu,1,1,0,434,Team Rocket's Mimikyu,POKEMON,[612],"[""Gemstone Mimicry""]",[],0,False,False,exact_after_format_normalization,[],Imitation-Learning/ptcg_engine/ptcgProgram 22/CardImpl.h,5305,exact_numeric_id+exact_name+class,mapped
463,Team Rocket's Murkrow,pokemon,Basic Pokémon,16,Team Rocket's Murkrow,2,2,0,463,Team Rocket's Murkrow,POKEMON,"[652,653]","[""Deceit"",""Torment""]",[],0,False,False,exact_after_format_normalization,[],Imitation-Learning/ptcg_engine/ptcgProgram 22/CardImpl.h,5662,exact_numeric_id+exact_name+class,mapped
473,Team Rocket's Porygon,pokemon,Basic Pokémon,16,Team Rocket's Porygon,1,1,0,473,Team Rocket's Porygon,POKEMON,[669],"[""Hacking""]",[],0,False,False,exact_after_format_normalization,[],Imitation-Learning/ptcg_engine/ptcgProgram 22/CardImpl.h,5791,exact_numeric_id+exact_name+class,mapped
474,Team Rocket's Porygon2,pokemon,Stage 1 Pokémon,16,Team Rocket's Porygon2,1,1,0,474,Team Rocket's Porygon2,POKEMON,[670],"[""R Command""]",[],0,False,False,exact_after_format_normalization,[],Imitation-Learning/ptcg_engine/ptcgProgram 22/CardImpl.h,5804,exact_numeric_id+exact_name+class,mapped
506,Cubchoo,pokemon,Basic Pokémon,227,Cubchoo,1,1,0,506,Cubchoo,POKEMON,[716],"[""Snotted Up""]",[],0,False,False,exact_after_format_normalization,[],Imitation-Learning/ptcg_engine/ptcgProgram 22/CardImpl.h,6145,exact_numeric_id+exact_name+class,mapped
597,Frillish,pokemon,Basic Pokémon,53,Frillish,1,1,0,597,Frillish,POKEMON,[858],"[""Oceanic Gloom""]",[],0,False,False,exact_after_format_normalization,[],Imitation-Learning/ptcg_engine/ptcgProgram 22/CardImpl.h,7180,exact_numeric_id+exact_name+class,mapped
607,Terrakion,pokemon,Basic Pokémon,118,Terrakion,2,2,0,607,Terrakion,POKEMON,"[873,874]","[""Retaliate"",""Land Crush""]",[],0,False,False,exact_after_format_normalization,[],Imitation-Learning/ptcg_engine/ptcgProgram 22/CardImpl.h,7290,exact_numeric_id+exact_name+class,mapped
646,Marnie's Impidimp,pokemon,Basic Pokémon,3774,Marnie's Impidimp,2,2,0,646,Marnie's Impidimp,POKEMON,"[934,935]","[""Filch"",""Corkscrew Punch""]",[],0,False,False,exact_after_format_normalization,[],Imitation-Learning/ptcg_engine/ptcgProgram 22/CardImpl.h,7736,exact_numeric_id+exact_name+class,mapped
647,Marnie's Morgrem,pokemon,Stage 1 Pokémon,3774,Marnie's Morgrem,1,1,0,647,Marnie's Morgrem,POKEMON,[936],"[""Corkscrew Punch""]",[],0,False,False,exact_after_format_normalization,[],Imitation-Learning/ptcg_engine/ptcgProgram 22/CardImpl.h,7748,exact_numeric_id+exact_name+class,mapped
648,Marnie's Grimmsnarl ex,pokemon,Stage 2 Pokémon,3774,Marnie's Grimmsnarl ex,2,1,1,648,Marnie's Grimmsnarl ex,POKEMON,[937],"[""Shadow Bullet""]","["" Punk Up""]",1,False,False,exact_after_format_normalization,"[{""kind"":""effect_name"",""index"":0}]",Imitation-Learning/ptcg_engine/ptcgProgram 22/CardImpl.h,7757,exact_numeric_id+exact_name+class,mapped
649,Marnie's Morpeko,pokemon,Basic Pokémon,204,Marnie's Morpeko,1,1,0,649,Marnie's Morpeko,POKEMON,[938],"[""Spiky Wheel""]",[],0,False,False,exact_after_format_normalization,[],Imitation-Learning/ptcg_engine/ptcgProgram 22/CardImpl.h,7772,exact_numeric_id+exact_name+class,mapped
655,Celebi,pokemon,Basic Pokémon,1,Celebi,2,2,0,655,Celebi,POKEMON,"[945,946]","[""Traverse Time"",""Solar Cutter""]",[],0,False,False,exact_after_format_normalization,[],Imitation-Learning/ptcg_engine/ptcgProgram 22/CardImpl.h,7833,exact_numeric_id+exact_name+class,mapped
666,Cinderace,pokemon,Stage 2 Pokémon,942,Cinderace,2,1,1,666,Cinderace,POKEMON,[965],"[""Turbo Flare""]","["" Explosiveness""]",1,False,False,exact_after_format_normalization,"[{""kind"":""effect_name"",""index"":0}]",Imitation-Learning/ptcg_engine/ptcgProgram 22/CardImpl.h,7954,exact_numeric_id+exact_name+class,mapped
673,Makuhita,pokemon,Basic Pokémon,40,Makuhita,2,2,0,673,Makuhita,POKEMON,"[976,977]","[""Corkscrew Punch"",""Confront""]",[],0,False,False,exact_after_format_normalization,[],Imitation-Learning/ptcg_engine/ptcgProgram 22/CardImpl.h,8023,exact_numeric_id+exact_name+class,mapped
674,Hariyama,pokemon,Stage 1 Pokémon,40,Hariyama,2,1,1,674,Hariyama,POKEMON,[978],"[""Wild Press""]","["" Heave-Ho Catcher""]",1,False,False,exact_after_format_normalization,"[{""kind"":""effect_name"",""index"":0}]",Imitation-Learning/ptcg_engine/ptcgProgram 22/CardImpl.h,8032,exact_numeric_id+exact_name+class,mapped
675,Lunatone,pokemon,Basic Pokémon,194,Lunatone,2,1,1,675,Lunatone,POKEMON,[979],"[""Power Gem""]","["" Lunar Cycle""]",1,False,False,exact_after_format_normalization,"[{""kind"":""effect_name"",""index"":0}]",Imitation-Learning/ptcg_engine/ptcgProgram 22/CardImpl.h,8044,exact_numeric_id+exact_name+class,mapped
676,Solrock,pokemon,Basic Pokémon,194,Solrock,1,1,0,676,Solrock,POKEMON,[980],"[""Cosmic Beam""]",[],0,False,False,exact_after_format_normalization,[],Imitation-Learning/ptcg_engine/ptcgProgram 22/CardImpl.h,8057,exact_numeric_id+exact_name+class,mapped
677,Riolu,pokemon,Basic Pokémon,169,Riolu,1,1,0,677,Riolu,POKEMON,[981],"[""Accelerating Stab""]",[],0,False,False,exact_after_format_normalization,[],Imitation-Learning/ptcg_engine/ptcgProgram 22/CardImpl.h,8067,exact_numeric_id+exact_name+class,mapped
678,Mega Lucario ex,pokemon,Stage 1 Pokémon,174,Mega Lucario ex,2,2,0,678,Mega Lucario ex,POKEMON,"[982,983]","[""Aura Jab"",""Mega Brave""]",[],0,False,False,exact_after_format_normalization,[],Imitation-Learning/ptcg_engine/ptcgProgram 22/CardImpl.h,8075,exact_numeric_id+exact_name+class,mapped
689,Yveltal,pokemon,Basic Pokémon,868,Yveltal,2,2,0,689,Yveltal,POKEMON,"[997,998]","[""Clutch"",""Dark Feather""]",[],0,False,False,exact_after_format_normalization,[],Imitation-Learning/ptcg_engine/ptcgProgram 22/CardImpl.h,8189,exact_numeric_id+exact_name+class,mapped
709,Bayleef,pokemon,Stage 1 Pokémon,6,Bayleef,1,1,0,709,Bayleef,POKEMON,[1027],"[""Push Down""]",[],0,False,False,exact_after_format_normalization,[],Imitation-Learning/ptcg_engine/ptcgProgram 22/CardImpl.h,8414,exact_numeric_id+exact_name+class,mapped
710,Meganium,pokemon,Stage 2 Pokémon,6,Meganium,2,1,1,710,Meganium,POKEMON,[1028],"[""Solar Beam""]","["" Wild Growth""]",1,False,False,exact_after_format_normalization,"[{""kind"":""effect_name"",""index"":0}]",Imitation-Learning/ptcg_engine/ptcgProgram 22/CardImpl.h,8424,exact_numeric_id+exact_name+class,mapped
741,Abra,pokemon,Basic Pokémon,12588,Abra,1,1,0,741,Abra,POKEMON,[1070],"[""Teleportation Attack""]",[],0,False,False,exact_after_format_normalization,[],Imitation-Learning/ptcg_engine/ptcgProgram 22/CardImpl.h,8747,exact_numeric_id+exact_name+class,mapped
742,Kadabra,pokemon,Stage 1 Pokémon,12588,Kadabra,2,1,1,742,Kadabra,POKEMON,[1071],"[""Super Psy Bolt""]","["" Psychic Draw""]",1,False,False,exact_after_format_normalization,"[{""kind"":""effect_name"",""index"":0}]",Imitation-Learning/ptcg_engine/ptcgProgram 22/CardImpl.h,8757,exact_numeric_id+exact_name+class,mapped
743,Alakazam,pokemon,Stage 2 Pokémon,12588,Alakazam,2,1,1,743,Alakazam,POKEMON,[1072],"[""Powerful Hand""]","["" Psychic Draw""]",1,False,False,exact_after_format_normalization,"[{""kind"":""effect_name"",""index"":0}]",Imitation-Learning/ptcg_engine/ptcgProgram 22/CardImpl.h,8769,exact_numeric_id+exact_name+class,mapped
745,Ralts,pokemon,Basic Pokémon,53,Ralts,2,2,0,745,Ralts,POKEMON,"[1074,1075]","[""Collect"",""Headbutt""]",[],0,False,False,exact_after_format_normalization,[],Imitation-Learning/ptcg_engine/ptcgProgram 22/CardImpl.h,8792,exact_numeric_id+exact_name+class,mapped
746,Kirlia,pokemon,Stage 1 Pokémon,53,Kirlia,2,2,0,746,Kirlia,POKEMON,"[1076,1077]","[""Call Sign"",""Psyshot""]",[],0,False,False,exact_after_format_normalization,[],Imitation-Learning/ptcg_engine/ptcgProgram 22/CardImpl.h,8804,exact_numeric_id+exact_name+class,mapped
747,Mega Gardevoir ex,pokemon,Stage 2 Pokémon,53,Mega Gardevoir ex,2,2,0,747,Mega Gardevoir ex,POKEMON,"[1078,1079]","[""Overflowing Wishes"",""Mega Symphonia""]",[],0,False,False,exact_after_format_normalization,[],Imitation-Learning/ptcg_engine/ptcgProgram 22/CardImpl.h,8817,exact_numeric_id+exact_name+class,mapped
756,Mega Kangaskhan ex,pokemon,Basic Pokémon,6477,Mega Kangaskhan ex,2,1,1,756,Mega Kangaskhan ex,POKEMON,[1092],"[""Rapid-Fire Combo""]","["" Run Errand""]",1,False,False,exact_after_format_normalization,"[{""kind"":""effect_name"",""index"":0}]",Imitation-Learning/ptcg_engine/ptcgProgram 22/CardImpl.h,8937,exact_numeric_id+exact_name+class,mapped
791,Moltres,pokemon,Basic Pokémon,229,Moltres,1,1,0,791,Moltres,POKEMON,[1143],"[""Fighting Wings""]",[],0,False,False,exact_after_format_normalization,[],Imitation-Learning/ptcg_engine/ptcgProgram 22/CardImpl.h,9311,exact_numeric_id+exact_name+class,mapped
817,Bramblin,pokemon,Basic Pokémon,271,Bramblin,1,1,0,817,Bramblin,POKEMON,[1178],"[""Sneaky Placement""]",[],0,False,False,exact_after_format_normalization,[],Imitation-Learning/ptcg_engine/ptcgProgram 22/CardImpl.h,9595,exact_numeric_id+exact_name+class,mapped
818,Brambleghast,pokemon,Stage 1 Pokémon,271,Brambleghast,2,1,1,818,Brambleghast,POKEMON,[1179],"[""Psychic Sphere""]","["" Prison Panic""]",1,False,False,exact_after_format_normalization,"[{""kind"":""effect_name"",""index"":0}]",Imitation-Learning/ptcg_engine/ptcgProgram 22/CardImpl.h,9604,exact_numeric_id+exact_name+class,mapped
827,Carvanha,pokemon,Basic Pokémon,1,Carvanha,1,1,0,827,Carvanha,POKEMON,[1191],"[""Reckless Charge""]",[],0,False,False,exact_after_format_normalization,[],Imitation-Learning/ptcg_engine/ptcgProgram 22/CardImpl.h,9698,exact_numeric_id+exact_name+class,mapped
828,Mega Sharpedo ex,pokemon,Stage 1 Pokémon,1,Mega Sharpedo ex,2,2,0,828,Mega Sharpedo ex,POKEMON,"[1192,1193]","[""Greedy Fang"",""Hungry Jaws""]",[],0,False,False,exact_after_format_normalization,[],Imitation-Learning/ptcg_engine/ptcgProgram 22/CardImpl.h,9706,exact_numeric_id+exact_name+class,mapped
829,Seviper,pokemon,Basic Pokémon,1,Seviper,2,1,1,829,Seviper,POKEMON,[1194],"[""Pitch-Black Fangs""]","["" Excited Power""]",1,False,False,exact_after_format_normalization,"[{""kind"":""effect_name"",""index"":0}]",Imitation-Learning/ptcg_engine/ptcgProgram 22/CardImpl.h,9721,exact_numeric_id+exact_name+class,mapped
833,Toxel,pokemon,Basic Pokémon,1,Toxel,2,2,0,833,Toxel,POKEMON,"[1201,1202]","[""Call for Family"",""Playful Kick""]",[],0,False,False,exact_after_format_normalization,[],Imitation-Learning/ptcg_engine/ptcgProgram 22/CardImpl.h,9764,exact_numeric_id+exact_name+class,mapped
834,Toxtricity,pokemon,Stage 1 Pokémon,1,Toxtricity,2,1,1,834,Toxtricity,POKEMON,[1203],"[""Gentle Slap""]","["" Sinister Surge""]",1,False,False,exact_after_format_normalization,"[{""kind"":""effect_name"",""index"":0}]",Imitation-Learning/ptcg_engine/ptcgProgram 22/CardImpl.h,9775,exact_numeric_id+exact_name+class,mapped
848,Buneary,pokemon,Basic Pokémon,273,Buneary,2,2,0,848,Buneary,POKEMON,"[1223,1224]","[""Run Around"",""Kick""]",[],0,False,False,exact_after_format_normalization,[],Imitation-Learning/ptcg_engine/ptcgProgram 22/CardImpl.h,9939,exact_numeric_id+exact_name+class,mapped
849,Mega Lopunny ex,pokemon,Stage 1 Pokémon,273,Mega Lopunny ex,2,2,0,849,Mega Lopunny ex,POKEMON,"[1225,1226]","[""Gale Thrust"",""Spiky Hopper""]",[],0,False,False,exact_after_format_normalization,[],Imitation-Learning/ptcg_engine/ptcgProgram 22/CardImpl.h,9950,exact_numeric_id+exact_name+class,mapped
860,Snorunt,pokemon,Basic Pokémon,3461,Snorunt,1,1,0,860,Snorunt,POKEMON,[1239],"[""Chilly""]",[],0,False,False,exact_after_format_normalization,[],Imitation-Learning/ptcg_engine/ptcgProgram 22/CardImpl.h,10523,exact_numeric_id+exact_name+class,mapped
861,Mega Froslass ex,pokemon,Stage 1 Pokémon,782,Mega Froslass ex,2,2,0,861,Mega Froslass ex,POKEMON,"[1240,1241]","[""Resentful Refrain"",""Absolute Snow""]",[],0,False,False,exact_after_format_normalization,[],Imitation-Learning/ptcg_engine/ptcgProgram 22/CardImpl.h,10530,exact_numeric_id+exact_name+class,mapped
891,Team Rocket's Honchkrow,pokemon,Stage 1 Pokémon,16,Team Rocket's Honchkrow,2,2,0,891,Team Rocket's Honchkrow,POKEMON,"[1285,1286]","[""Rocket Feathers"",""Hammer In""]",[],0,False,False,exact_after_format_normalization,[],Imitation-Learning/ptcg_engine/ptcgProgram 22/CardImpl.h,10889,exact_numeric_id+exact_name+class,mapped
906,N's Zekrom,pokemon,Basic Pokémon,12,N's Zekrom,2,2,0,906,N's Zekrom,POKEMON,"[1305,1306]","[""Shred"",""Rampaging Thunder""]",[],0,False,False,exact_after_format_normalization,[],Imitation-Learning/ptcg_engine/ptcgProgram 22/CardImpl.h,11052,exact_numeric_id+exact_name+class,mapped
917,Chikorita,pokemon,Basic Pokémon,6,Chikorita,2,2,0,917,Chikorita,POKEMON,"[1322,1323]","[""Growl"",""Seed Bomb""]",[],0,False,False,exact_after_format_normalization,[],Imitation-Learning/ptcg_engine/ptcgProgram 22/CardImpl.h,11166,exact_numeric_id+exact_name+class,mapped
920,Tapu Bulu,pokemon,Basic Pokémon,6,Tapu Bulu,1,1,0,920,Tapu Bulu,POKEMON,[1326],"[""Wood Hammer""]",[],0,False,False,exact_after_format_normalization,[],Imitation-Learning/ptcg_engine/ptcgProgram 22/CardImpl.h,13155,exact_numeric_id+exact_name+class,mapped
959,Togepi,pokemon,Basic Pokémon,278,Togepi,1,1,0,959,Togepi,POKEMON,[1380],"[""Pound""]",[],0,False,False,exact_after_format_normalization,[],Imitation-Learning/ptcg_engine/ptcgProgram 22/CardImpl.h,13382,exact_numeric_id+exact_name+class,mapped
970,Fezandipiti,pokemon,Basic Pokémon,3,Fezandipiti,2,1,1,970,Fezandipiti,POKEMON,[1395],"[""Energy Feather""]","["" Adrena-Pheromone""]",1,False,False,exact_after_format_normalization,"[{""kind"":""effect_name"",""index"":0}]",Imitation-Learning/ptcg_engine/ptcgProgram 22/CardImpl.h,13457,exact_numeric_id+exact_name+class,mapped
1030,Staryu,pokemon,Basic Pokémon,1756,Staryu,1,1,0,1030,Staryu,POKEMON,[1486],"[""Water Gun""]",[],0,False,False,exact_after_format_normalization,[],Imitation-Learning/ptcg_engine/ptcgProgram 22/CardImpl.h,11878,exact_numeric_id+exact_name+class,mapped
1031,Mega Starmie ex,pokemon,Stage 1 Pokémon,1756,Mega Starmie ex,2,2,0,1031,Mega Starmie ex,POKEMON,"[1487,1488]","[""Jetting Blow"",""Nebula Beam""]",[],0,False,False,exact_after_format_normalization,[],Imitation-Learning/ptcg_engine/ptcgProgram 22/CardImpl.h,11885,exact_numeric_id+exact_name+class,mapped
1051,Binacle,pokemon,Basic Pokémon,20,Binacle,2,2,0,1051,Binacle,POKEMON,"[1519,1520]","[""Double Draw"",""Scratch""]",[],0,False,False,exact_after_format_normalization,[],Imitation-Learning/ptcg_engine/ptcgProgram 22/CardImpl.h,12108,exact_numeric_id+exact_name+class,mapped
1052,Barbaracle,pokemon,Stage 1 Pokémon,20,Barbaracle,2,1,1,1052,Barbaracle,POKEMON,[1521],"[""Hammer In""]","["" Stone Arms""]",1,False,False,exact_after_format_normalization,"[{""kind"":""effect_name"",""index"":0}]",Imitation-Learning/ptcg_engine/ptcgProgram 22/CardImpl.h,12119,exact_numeric_id+exact_name+class,mapped
1071,Meowth ex,pokemon,Basic Pokémon,685,Meowth ex,2,1,1,1071,Meowth ex,POKEMON,[1546],"[""Tuck Tail""]","["" Last-Ditch Catch""]",1,False,False,exact_after_format_normalization,"[{""kind"":""effect_name"",""index"":0}]",Imitation-Learning/ptcg_engine/ptcgProgram 22/CardImpl.h,12327,exact_numeric_id+exact_name+class,mapped
1077,Roto-Stick,trainer,Item,16,Roto-Stick,1,0,1,1077,Roto-Stick,ITEM,[],[],"[""Roto-Stick""]",1,False,False,exact_after_format_normalization,[],Imitation-Learning/ptcg_engine/ptcgProgram 22/CardImpl.h,13609,exact_numeric_id+exact_name+class,mapped
1079,Rare Candy,trainer,Item,16487,Rare Candy,1,0,1,1079,Rare Candy,ITEM,[],[],"[""Rare Candy""]",1,False,False,exact_after_format_normalization,[],Imitation-Learning/ptcg_engine/ptcgProgram 22/CardImpl.h,3280,exact_numeric_id+exact_name+class,mapped
1080,Unfair Stamp,trainer,Item,4534,Unfair Stamp,1,0,1,1080,Unfair Stamp,ITEM,[],[],"[""Unfair Stamp""]",1,False,False,exact_after_format_normalization,[],Imitation-Learning/ptcg_engine/ptcgProgram 22/CardImpl.h,3288,exact_numeric_id+exact_name+class,mapped
1081,Enhanced Hammer,trainer,Item,13085,Enhanced Hammer,1,0,1,1081,Enhanced Hammer,ITEM,[],[],"[""Enhanced Hammer""]",1,False,False,exact_after_format_normalization,[],Imitation-Learning/ptcg_engine/ptcgProgram 22/CardImpl.h,3303,exact_numeric_id+exact_name+class,mapped
1086,Buddy-Buddy Poffin,trainer,Item,28277,Buddy-Buddy Poffin,1,0,1,1086,Buddy-Buddy Poffin,ITEM,[],[],"[""Buddy-Buddy Poffin""]",1,False,False,exact_after_format_normalization,[],Imitation-Learning/ptcg_engine/ptcgProgram 22/CardImpl.h,3332,exact_numeric_id+exact_name+class,mapped
1087,Hand Trimmer,trainer,Item,6345,Hand Trimmer,1,0,1,1087,Hand Trimmer,ITEM,[],[],"[""Hand Trimmer""]",1,False,False,exact_after_format_normalization,[],Imitation-Learning/ptcg_engine/ptcgProgram 22/CardImpl.h,3338,exact_numeric_id+exact_name+class,mapped
1088,Prime Catcher,trainer,Item,9,Prime Catcher,1,0,1,1088,Prime Catcher,ITEM,[],[],"[""Prime Catcher""]",1,False,False,exact_after_format_normalization,[],Imitation-Learning/ptcg_engine/ptcgProgram 22/CardImpl.h,3346,exact_numeric_id+exact_name+class,mapped
1092,Secret Box,trainer,Item,198,Secret Box,1,0,1,1092,Secret Box,ITEM,[],[],"[""Secret Box""]",1,False,False,exact_after_format_normalization,[],Imitation-Learning/ptcg_engine/ptcgProgram 22/CardImpl.h,3381,exact_numeric_id+exact_name+class,mapped
1094,Bug Catching Set,trainer,Item,1793,Bug Catching Set,1,0,1,1094,Bug Catching Set,ITEM,[],[],"[""Bug Catching Set""]",1,False,False,exact_after_format_normalization,[],Imitation-Learning/ptcg_engine/ptcgProgram 22/CardImpl.h,3401,exact_numeric_id+exact_name+class,mapped
1095,Dangerous Laser,trainer,Item,148,Dangerous Laser,1,0,1,1095,Dangerous Laser,ITEM,[],[],"[""Dangerous Laser""]",1,False,False,exact_after_format_normalization,[],Imitation-Learning/ptcg_engine/ptcgProgram 22/CardImpl.h,3407,exact_numeric_id+exact_name+class,mapped
1097,Night Stretcher,trainer,Item,18708,Night Stretcher,1,0,1,1097,Night Stretcher,ITEM,[],[],"[""Night Stretcher""]",1,False,False,exact_after_format_normalization,[],Imitation-Learning/ptcg_engine/ptcgProgram 22/CardImpl.h,3424,exact_numeric_id+exact_name+class,mapped
1098,Glass Trumpet,trainer,Item,9,Glass Trumpet,1,0,1,1098,Glass Trumpet,ITEM,[],[],"[""Glass Trumpet""]",1,False,False,exact_after_format_normalization,[],Imitation-Learning/ptcg_engine/ptcgProgram 22/CardImpl.h,3430,exact_numeric_id+exact_name+class,mapped
1102,Dusk Ball,trainer,Item,175,Dusk Ball,1,0,1,1102,Dusk Ball,ITEM,[],[],"[""Dusk Ball""]",1,False,False,exact_after_format_normalization,[],Imitation-Learning/ptcg_engine/ptcgProgram 22/CardImpl.h,3464,exact_numeric_id+exact_name+class,mapped
1109,Miracle Headset,trainer,Item,16,Miracle Headset,1,0,1,1109,Miracle Headset,ITEM,[],[],"[""Miracle Headset""]",1,False,False,exact_after_format_normalization,[],Imitation-Learning/ptcg_engine/ptcgProgram 22/CardImpl.h,3525,exact_numeric_id+exact_name+class,mapped
1113,N’s PP Up,trainer,Item,12,N’s PP Up,1,0,1,1113,N’s PP Up,ITEM,[],[],"[""N’s PP Up""]",1,False,False,exact_after_format_normalization,[],Imitation-Learning/ptcg_engine/ptcgProgram 22/CardImpl.h,3554,exact_numeric_id+exact_name+class,mapped
1116,Energy Switch,trainer,Item,10,Energy Switch,1,0,1,1116,Energy Switch,ITEM,[],[],"[""Energy Switch""]",1,False,False,exact_after_format_normalization,[],Imitation-Learning/ptcg_engine/ptcgProgram 22/CardImpl.h,3576,exact_numeric_id+exact_name+class,mapped
1118,Energy Retrieval,trainer,Item,18,Energy Retrieval,1,0,1,1118,Energy Retrieval,ITEM,[],[],"[""Energy Retrieval""]",1,False,False,exact_after_format_normalization,[],Imitation-Learning/ptcg_engine/ptcgProgram 22/CardImpl.h,3588,exact_numeric_id+exact_name+class,mapped
1119,Energy Search,trainer,Item,197,Energy Search,1,0,1,1119,Energy Search,ITEM,[],[],"[""Energy Search""]",1,False,False,exact_after_format_normalization,[],Imitation-Learning/ptcg_engine/ptcgProgram 22/CardImpl.h,3594,exact_numeric_id+exact_name+class,mapped
1120,Crushing Hammer,trainer,Item,2875,Crushing Hammer,1,0,1,1120,Crushing Hammer,ITEM,[],[],"[""Crushing Hammer""]",1,False,False,exact_after_format_normalization,[],Imitation-Learning/ptcg_engine/ptcgProgram 22/CardImpl.h,3600,exact_numeric_id+exact_name+class,mapped
1121,Ultra Ball,trainer,Item,4398,Ultra Ball,1,0,1,1121,Ultra Ball,ITEM,[],[],"[""Ultra Ball""]",1,False,False,exact_after_format_normalization,[],Imitation-Learning/ptcg_engine/ptcgProgram 22/CardImpl.h,3608,exact_numeric_id+exact_name+class,mapped
1122,Pokégear 3.0,trainer,Item,10750,Pokégear 3.0,1,0,1,1122,Pokégear 3.0,ITEM,[],[],"[""Pokégear 3.0""]",1,False,False,exact_after_format_normalization,[],Imitation-Learning/ptcg_engine/ptcgProgram 22/CardImpl.h,3615,exact_numeric_id+exact_name+class,mapped
1123,Switch,trainer,Item,6971,Switch,1,0,1,1123,Switch,ITEM,[],[],"[""Switch""]",1,False,False,exact_after_format_normalization,[],Imitation-Learning/ptcg_engine/ptcgProgram 22/CardImpl.h,3621,exact_numeric_id+exact_name+class,mapped
1129,Sacred Ash,trainer,Item,13049,Sacred Ash,1,0,1,1129,Sacred Ash,ITEM,[],[],"[""Sacred Ash""]",1,False,False,exact_after_format_normalization,[],Imitation-Learning/ptcg_engine/ptcgProgram 22/CardImpl.h,9964,exact_numeric_id+exact_name+class,mapped
1134,Team Rocket's Transceiver,trainer,Item,1229,Team Rocket's Transceiver,1,0,1,1134,Team Rocket's Transceiver,ITEM,[],[],"[""Team Rocket's Transceiver""]",1,False,False,exact_after_format_normalization,[],Imitation-Learning/ptcg_engine/ptcgProgram 22/CardImpl.h,10008,exact_numeric_id+exact_name+class,mapped
1137,Tool Scrapper,trainer,Item,1443,Tool Scrapper,1,0,1,1137,Tool Scrapper,ITEM,[],[],"[""Tool Scrapper""]",1,False,False,exact_after_format_normalization,[],Imitation-Learning/ptcg_engine/ptcgProgram 22/CardImpl.h,10030,exact_numeric_id+exact_name+class,mapped
1139,Energy Recycler,trainer,Item,149,Energy Recycler,1,0,1,1139,Energy Recycler,ITEM,[],[],"[""Energy Recycler""]",1,False,False,exact_after_format_normalization,[],Imitation-Learning/ptcg_engine/ptcgProgram 22/CardImpl.h,10046,exact_numeric_id+exact_name+class,mapped
1141,Premium Power Pro,trainer,Item,216,Premium Power Pro,1,0,1,1141,Premium Power Pro,ITEM,[],[],"[""Premium Power Pro""]",1,False,False,exact_after_format_normalization,[],Imitation-Learning/ptcg_engine/ptcgProgram 22/CardImpl.h,10058,exact_numeric_id+exact_name+class,mapped
1142,Fighting Gong,trainer,Item,1186,Fighting Gong,1,0,1,1142,Fighting Gong,ITEM,[],[],"[""Fighting Gong""]",1,False,False,exact_after_format_normalization,[],Imitation-Learning/ptcg_engine/ptcgProgram 22/CardImpl.h,10064,exact_numeric_id+exact_name+class,mapped
1145,Mega Signal,trainer,Item,868,Mega Signal,1,0,1,1145,Mega Signal,ITEM,[],[],"[""Mega Signal""]",1,False,False,exact_after_format_normalization,[],Imitation-Learning/ptcg_engine/ptcgProgram 22/CardImpl.h,10083,exact_numeric_id+exact_name+class,mapped
1146,Wondrous Patch,trainer,Item,490,Wondrous Patch,1,0,1,1146,Wondrous Patch,ITEM,[],[],"[""Wondrous Patch""]",1,False,False,exact_after_format_normalization,[],Imitation-Learning/ptcg_engine/ptcgProgram 22/CardImpl.h,10089,exact_numeric_id+exact_name+class,mapped
1147,Jumbo Ice Cream,trainer,Item,7504,Jumbo Ice Cream,1,0,1,1147,Jumbo Ice Cream,ITEM,[],[],"[""Jumbo Ice Cream""]",1,False,False,exact_after_format_normalization,[],Imitation-Learning/ptcg_engine/ptcgProgram 22/CardImpl.h,10098,exact_numeric_id+exact_name+class,mapped
1152,Poké Pad,trainer,Item,23197,Poké Pad,1,0,1,1152,Poké Pad,ITEM,[],[],"[""Poké Pad""]",1,False,False,exact_after_format_normalization,[],Imitation-Learning/ptcg_engine/ptcgProgram 22/CardImpl.h,12423,exact_numeric_id+exact_name+class,mapped
1155,Survival Brace,trainer,Pokémon Tool,1,Survival Brace,1,0,1,1155,Survival Brace,TOOL,[],[],"[""Survival Brace""]",1,False,False,exact_after_format_normalization,[],Imitation-Learning/ptcg_engine/ptcgProgram 22/CardImpl.h,3662,exact_numeric_id+exact_name+class,mapped
1156,Lucky Helmet,trainer,Pokémon Tool,5,Lucky Helmet,1,0,1,1156,Lucky Helmet,TOOL,[],[],"[""Lucky Helmet""]",1,False,False,exact_after_format_normalization,[],Imitation-Learning/ptcg_engine/ptcgProgram 22/CardImpl.h,3672,exact_numeric_id+exact_name+class,mapped
1158,Maximum Belt,trainer,Pokémon Tool,9,Maximum Belt,1,0,1,1158,Maximum Belt,TOOL,[],[],"[""Maximum Belt""]",1,False,False,exact_after_format_normalization,[],Imitation-Learning/ptcg_engine/ptcgProgram 22/CardImpl.h,3686,exact_numeric_id+exact_name+class,mapped
1159,Hero’s Cape,trainer,Pokémon Tool,10936,Hero’s Cape,1,0,1,1159,Hero’s Cape,TOOL,[],[],"[""Hero’s Cape""]",1,False,False,exact_after_format_normalization,[],Imitation-Learning/ptcg_engine/ptcgProgram 22/CardImpl.h,3693,exact_numeric_id+exact_name+class,mapped
1161,Handheld Fan,trainer,Pokémon Tool,1942,Handheld Fan,1,0,1,1161,Handheld Fan,TOOL,[],[],"[""Handheld Fan""]",1,False,False,exact_after_format_normalization,[],Imitation-Learning/ptcg_engine/ptcgProgram 22/CardImpl.h,3710,exact_numeric_id+exact_name+class,mapped
1166,Gravity Gemstone,trainer,Pokémon Tool,197,Gravity Gemstone,1,0,1,1166,Gravity Gemstone,TOOL,[],[],"[""Gravity Gemstone""]",1,False,False,exact_after_format_normalization,[],Imitation-Learning/ptcg_engine/ptcgProgram 22/CardImpl.h,3748,exact_numeric_id+exact_name+class,mapped
1167,Deluxe Bomb,trainer,Pokémon Tool,950,Deluxe Bomb,1,0,1,1167,Deluxe Bomb,TOOL,[],[],"[""Deluxe Bomb""]",1,False,False,exact_after_format_normalization,[],Imitation-Learning/ptcg_engine/ptcgProgram 22/CardImpl.h,3755,exact_numeric_id+exact_name+class,mapped
1173,Cynthia's Power Weight,trainer,Pokémon Tool,866,Cynthia's Power Weight,1,0,1,1173,Cynthia's Power Weight,TOOL,[],[],"[""Cynthia's Power Weight""]",1,False,False,exact_after_format_normalization,[],Imitation-Learning/ptcg_engine/ptcgProgram 22/CardImpl.h,10114,exact_numeric_id+exact_name+class,mapped
1174,Air Balloon,trainer,Pokémon Tool,786,Air Balloon,1,0,1,1174,Air Balloon,TOOL,[],[],"[""Air Balloon""]",1,False,False,exact_after_format_normalization,[],Imitation-Learning/ptcg_engine/ptcgProgram 22/CardImpl.h,10120,exact_numeric_id+exact_name+class,mapped
1175,Brave Bangle,trainer,Pokémon Tool,1706,Brave Bangle,1,0,1,1175,Brave Bangle,TOOL,[],[],"[""Brave Bangle""]",1,False,False,exact_after_format_normalization,[],Imitation-Learning/ptcg_engine/ptcgProgram 22/CardImpl.h,10126,exact_numeric_id+exact_name+class,mapped
1176,Punk Helmet,trainer,Pokémon Tool,3,Punk Helmet,1,0,1,1176,Punk Helmet,TOOL,[],[],"[""Punk Helmet""]",1,False,False,exact_after_format_normalization,[],Imitation-Learning/ptcg_engine/ptcgProgram 22/CardImpl.h,10132,exact_numeric_id+exact_name+class,mapped
1182,Boss’s Orders,trainer,Supporter,26337,Boss’s Orders,1,0,1,1182,Boss’s Orders,SUPPORTER,[],[],"[""Boss’s Orders""]",1,False,False,exact_after_format_normalization,[],Imitation-Learning/ptcg_engine/ptcgProgram 22/CardImpl.h,3810,exact_numeric_id+exact_name+class,mapped
1184,Lana’s Aid,trainer,Supporter,13165,Lana’s Aid,1,0,1,1184,Lana’s Aid,SUPPORTER,[],[],"[""Lana’s Aid""]",1,False,False,exact_after_format_normalization,[],Imitation-Learning/ptcg_engine/ptcgProgram 22/CardImpl.h,3826,exact_numeric_id+exact_name+class,mapped
1185,Explorer’s Guidance,trainer,Supporter,309,Explorer’s Guidance,1,0,1,1185,Explorer’s Guidance,SUPPORTER,[],[],"[""Explorer’s Guidance""]",1,False,False,exact_after_format_normalization,[],Imitation-Learning/ptcg_engine/ptcgProgram 22/CardImpl.h,3832,exact_numeric_id+exact_name+class,mapped
1186,Eri,trainer,Supporter,617,Eri,1,0,1,1186,Eri,SUPPORTER,[],[],"[""Eri""]",1,False,False,exact_after_format_normalization,[],Imitation-Learning/ptcg_engine/ptcgProgram 22/CardImpl.h,3842,exact_numeric_id+exact_name+class,mapped
1187,Morty’s Conviction,trainer,Supporter,23,Morty’s Conviction,1,0,1,1187,Morty’s Conviction,SUPPORTER,[],[],"[""Morty’s Conviction""]",1,False,False,exact_after_format_normalization,[],Imitation-Learning/ptcg_engine/ptcgProgram 22/CardImpl.h,3851,exact_numeric_id+exact_name+class,mapped
1188,Ciphermaniac’s Codebreaking,trainer,Supporter,3,Ciphermaniac’s Codebreaking,1,0,1,1188,Ciphermaniac’s Codebreaking,SUPPORTER,[],[],"[""Ciphermaniac’s Codebreaking""]",1,False,False,exact_after_format_normalization,[],Imitation-Learning/ptcg_engine/ptcgProgram 22/CardImpl.h,3861,exact_numeric_id+exact_name+class,mapped
1189,Salvatore,trainer,Supporter,459,Salvatore,1,0,1,1189,Salvatore,SUPPORTER,[],[],"[""Salvatore""]",1,False,False,exact_after_format_normalization,[],Imitation-Learning/ptcg_engine/ptcgProgram 22/CardImpl.h,3871,exact_numeric_id+exact_name+class,mapped
1191,Kieran,trainer,Supporter,198,Kieran,1,0,1,1191,Kieran,SUPPORTER,[],[],"[""Kieran""]",1,False,False,exact_after_format_normalization,[],Imitation-Learning/ptcg_engine/ptcgProgram 22/CardImpl.h,3887,exact_numeric_id+exact_name+class,mapped
1192,Carmine,trainer,Supporter,1178,Carmine,1,0,1,1192,Carmine,SUPPORTER,[],[],"[""Carmine""]",1,False,False,exact_after_format_normalization,[],Imitation-Learning/ptcg_engine/ptcgProgram 22/CardImpl.h,3896,exact_numeric_id+exact_name+class,mapped
1194,Colress’s Tenacity,trainer,Supporter,436,Colress’s Tenacity,1,0,1,1194,Colress’s Tenacity,SUPPORTER,[],[],"[""Colress’s Tenacity""]",1,False,False,exact_after_format_normalization,[],Imitation-Learning/ptcg_engine/ptcgProgram 22/CardImpl.h,3912,exact_numeric_id+exact_name+class,mapped
1195,Janine’s Secret Art,trainer,Supporter,3,Janine’s Secret Art,1,0,1,1195,Janine’s Secret Art,SUPPORTER,[],[],"[""Janine’s Secret Art""]",1,False,False,exact_after_format_normalization,[],Imitation-Learning/ptcg_engine/ptcgProgram 22/CardImpl.h,3921,exact_numeric_id+exact_name+class,mapped
1197,Xerosic’s Machinations,trainer,Supporter,23985,Xerosic’s Machinations,1,0,1,1197,Xerosic’s Machinations,SUPPORTER,[],[],"[""Xerosic’s Machinations""]",1,False,False,exact_after_format_normalization,[],Imitation-Learning/ptcg_engine/ptcgProgram 22/CardImpl.h,3940,exact_numeric_id+exact_name+class,mapped
1198,Crispin,trainer,Supporter,1526,Crispin,1,0,1,1198,Crispin,SUPPORTER,[],[],"[""Crispin""]",1,False,False,exact_after_format_normalization,[],Imitation-Learning/ptcg_engine/ptcgProgram 22/CardImpl.h,3947,exact_numeric_id+exact_name+class,mapped
1202,Drayton,trainer,Supporter,313,Drayton,1,0,1,1202,Drayton,SUPPORTER,[],[],"[""Drayton""]",1,False,False,exact_after_format_normalization,[],Imitation-Learning/ptcg_engine/ptcgProgram 22/CardImpl.h,3984,exact_numeric_id+exact_name+class,mapped
1203,Surfer,trainer,Supporter,580,Surfer,1,0,1,1203,Surfer,SUPPORTER,[],[],"[""Surfer""]",1,False,False,exact_after_format_normalization,[],Imitation-Learning/ptcg_engine/ptcgProgram 22/CardImpl.h,3995,exact_numeric_id+exact_name+class,mapped
1204,Lisia’s Appeal,trainer,Supporter,497,Lisia’s Appeal,1,0,1,1204,Lisia’s Appeal,SUPPORTER,[],[],"[""Lisia’s Appeal""]",1,False,False,exact_after_format_normalization,[],Imitation-Learning/ptcg_engine/ptcgProgram 22/CardImpl.h,4003,exact_numeric_id+exact_name+class,mapped
1205,Cyrano,trainer,Supporter,21,Cyrano,1,0,1,1205,Cyrano,SUPPORTER,[],[],"[""Cyrano""]",1,False,False,exact_after_format_normalization,[],Imitation-Learning/ptcg_engine/ptcgProgram 22/CardImpl.h,4011,exact_numeric_id+exact_name+class,mapped
1206,Larry’s Skill,trainer,Supporter,24,Larry’s Skill,1,0,1,1206,Larry’s Skill,SUPPORTER,[],[],"[""Larry’s Skill""]",1,False,False,exact_after_format_normalization,[],Imitation-Learning/ptcg_engine/ptcgProgram 22/CardImpl.h,4017,exact_numeric_id+exact_name+class,mapped
1208,Iris’s Fighting Spirit,trainer,Supporter,220,Iris’s Fighting Spirit,1,0,1,1208,Iris’s Fighting Spirit,SUPPORTER,[],[],"[""Iris’s Fighting Spirit""]",1,False,False,exact_after_format_normalization,[],Imitation-Learning/ptcg_engine/ptcgProgram 22/CardImpl.h,4028,exact_numeric_id+exact_name+class,mapped
1210,Brock’s Scouting,trainer,Supporter,954,Brock’s Scouting,1,0,1,1210,Brock’s Scouting,SUPPORTER,[],[],"[""Brock’s Scouting""]",1,False,False,exact_after_format_normalization,[],Imitation-Learning/ptcg_engine/ptcgProgram 22/CardImpl.h,4046,exact_numeric_id+exact_name+class,mapped
1211,Black Belt’s Training,trainer,Supporter,208,Black Belt’s Training,1,0,1,1211,Black Belt’s Training,SUPPORTER,[],[],"[""Black Belt’s Training""]",1,False,False,exact_after_format_normalization,[],Imitation-Learning/ptcg_engine/ptcgProgram 22/CardImpl.h,4055,exact_numeric_id+exact_name+class,mapped
1212,Cook,trainer,Supporter,169,Cook,1,0,1,1212,Cook,SUPPORTER,[],[],"[""Cook""]",1,False,False,exact_after_format_normalization,[],Imitation-Learning/ptcg_engine/ptcgProgram 22/CardImpl.h,4061,exact_numeric_id+exact_name+class,mapped
1213,Judge,trainer,Supporter,1832,Judge,1,0,1,1213,Judge,SUPPORTER,[],[],"[""Judge""]",1,False,False,exact_after_format_normalization,[],Imitation-Learning/ptcg_engine/ptcgProgram 22/CardImpl.h,4068,exact_numeric_id+exact_name+class,mapped
1216,Team Rocket's Ariana,trainer,Supporter,1229,Team Rocket's Ariana,1,0,1,1216,Team Rocket's Ariana,SUPPORTER,[],[],"[""Team Rocket's Ariana""]",1,False,False,exact_after_format_normalization,[],Imitation-Learning/ptcg_engine/ptcgProgram 22/CardImpl.h,10159,exact_numeric_id+exact_name+class,mapped
1217,Team Rocket's Archer,trainer,Supporter,1229,Team Rocket's Archer,1,0,1,1217,Team Rocket's Archer,SUPPORTER,[],[],"[""Team Rocket's Archer""]",1,False,False,exact_after_format_normalization,[],Imitation-Learning/ptcg_engine/ptcgProgram 22/CardImpl.h,10171,exact_numeric_id+exact_name+class,mapped
1218,Team Rocket's Giovanni,trainer,Supporter,1229,Team Rocket's Giovanni,1,0,1,1218,Team Rocket's Giovanni,SUPPORTER,[],[],"[""Team Rocket's Giovanni""]",1,False,False,exact_after_format_normalization,[],Imitation-Learning/ptcg_engine/ptcgProgram 22/CardImpl.h,10185,exact_numeric_id+exact_name+class,mapped
1219,Team Rocket's Petrel,trainer,Supporter,3510,Team Rocket's Petrel,1,0,1,1219,Team Rocket's Petrel,SUPPORTER,[],[],"[""Team Rocket's Petrel""]",1,False,False,exact_after_format_normalization,[],Imitation-Learning/ptcg_engine/ptcgProgram 22/CardImpl.h,10194,exact_numeric_id+exact_name+class,mapped
1220,Team Rocket's Proton,trainer,Supporter,1229,Team Rocket's Proton,1,0,1,1220,Team Rocket's Proton,SUPPORTER,[],[],"[""Team Rocket's Proton""]",1,False,False,exact_after_format_normalization,[],Imitation-Learning/ptcg_engine/ptcgProgram 22/CardImpl.h,10200,exact_numeric_id+exact_name+class,mapped
1223,Harlequin,trainer,Supporter,32,Harlequin,1,0,1,1223,Harlequin,SUPPORTER,[],[],"[""Harlequin""]",1,False,False,exact_after_format_normalization,[],Imitation-Learning/ptcg_engine/ptcgProgram 22/CardImpl.h,10222,exact_numeric_id+exact_name+class,mapped
1224,Cheren,trainer,Supporter,777,Cheren,1,0,1,1224,Cheren,SUPPORTER,[],[],"[""Cheren""]",1,False,False,exact_after_format_normalization,[],Imitation-Learning/ptcg_engine/ptcgProgram 22/CardImpl.h,10239,exact_numeric_id+exact_name+class,mapped
1225,Hilda,trainer,Supporter,22083,Hilda,1,0,1,1225,Hilda,SUPPORTER,[],[],"[""Hilda""]",1,False,False,exact_after_format_normalization,[],Imitation-Learning/ptcg_engine/ptcgProgram 22/CardImpl.h,10245,exact_numeric_id+exact_name+class,mapped
1227,Lillie's Determination,trainer,Supporter,17392,Lillie's Determination,1,0,1,1227,Lillie's Determination,SUPPORTER,[],[],"[""Lillie's Determination""]",1,False,False,exact_after_format_normalization,[],Imitation-Learning/ptcg_engine/ptcgProgram 22/CardImpl.h,10264,exact_numeric_id+exact_name+class,mapped
1228,Acerola's Mischief,trainer,Supporter,128,Acerola's Mischief,1,0,1,1228,Acerola's Mischief,SUPPORTER,[],[],"[""Acerola's Mischief""]",1,False,False,exact_after_format_normalization,[],Imitation-Learning/ptcg_engine/ptcgProgram 22/CardImpl.h,10275,exact_numeric_id+exact_name+class,mapped
1229,Wally's Compassion,trainer,Supporter,2095,Wally's Compassion,1,0,1,1229,Wally's Compassion,SUPPORTER,[],[],"[""Wally's Compassion""]",1,False,False,exact_after_format_normalization,[],Imitation-Learning/ptcg_engine/ptcgProgram 22/CardImpl.h,10282,exact_numeric_id+exact_name+class,mapped
1231,Dawn,trainer,Supporter,16479,Dawn,1,0,1,1231,Dawn,SUPPORTER,[],[],"[""Dawn""]",1,False,False,exact_after_format_normalization,[],Imitation-Learning/ptcg_engine/ptcgProgram 22/CardImpl.h,10302,exact_numeric_id+exact_name+class,mapped
1235,Waitress,trainer,Supporter,1,Waitress,1,0,1,1235,Waitress,SUPPORTER,[],[],"[""Waitress""]",1,False,False,exact_after_format_normalization,[],Imitation-Learning/ptcg_engine/ptcgProgram 22/CardImpl.h,12477,exact_numeric_id+exact_name+class,mapped
1236,Urbain,trainer,Supporter,718,Urbain,1,0,1,1236,Urbain,SUPPORTER,[],[],"[""Urbain""]",1,False,False,exact_after_format_normalization,[],Imitation-Learning/ptcg_engine/ptcgProgram 22/CardImpl.h,12488,exact_numeric_id+exact_name+class,mapped
1238,Tarragon,trainer,Supporter,20,Tarragon,1,0,1,1238,Tarragon,SUPPORTER,[],[],"[""Tarragon""]",1,False,False,exact_after_format_normalization,[],Imitation-Learning/ptcg_engine/ptcgProgram 22/CardImpl.h,12494,exact_numeric_id+exact_name+class,mapped
1240,Rosa's Encouragement,trainer,Supporter,61,Rosa's Encouragement,1,0,1,1240,Rosa's Encouragement,SUPPORTER,[],[],"[""Rosa's Encouragement""]",1,False,False,exact_after_format_normalization,[],Imitation-Learning/ptcg_engine/ptcgProgram 22/CardImpl.h,12508,exact_numeric_id+exact_name+class,mapped
1242,Community Center,trainer,Stadium,534,Community Center,1,0,1,1242,Community Center,STADIUM,[],[],"[""Community Center""]",1,False,False,exact_after_format_normalization,[],Imitation-Learning/ptcg_engine/ptcgProgram 22/CardImpl.h,4079,exact_numeric_id+exact_name+class,mapped
1244,Full Metal Lab,trainer,Stadium,273,Full Metal Lab,1,0,1,1244,Full Metal Lab,STADIUM,[],[],"[""Full Metal Lab""]",1,False,False,exact_after_format_normalization,[],Imitation-Learning/ptcg_engine/ptcgProgram 22/CardImpl.h,4093,exact_numeric_id+exact_name+class,mapped
1245,Festival Grounds,trainer,Stadium,494,Festival Grounds,1,0,1,1245,Festival Grounds,STADIUM,[],[],"[""Festival Grounds""]",1,False,False,exact_after_format_normalization,[],Imitation-Learning/ptcg_engine/ptcgProgram 22/CardImpl.h,4099,exact_numeric_id+exact_name+class,mapped
1246,Jamming Tower,trainer,Stadium,1276,Jamming Tower,1,0,1,1246,Jamming Tower,STADIUM,[],[],"[""Jamming Tower""]",1,False,False,exact_after_format_normalization,[],Imitation-Learning/ptcg_engine/ptcgProgram 22/CardImpl.h,4105,exact_numeric_id+exact_name+class,mapped
1247,Neutralization Zone,trainer,Stadium,2209,Neutralization Zone,1,0,1,1247,Neutralization Zone,STADIUM,[],[],"[""Neutralization Zone""]",1,False,False,exact_after_format_normalization,[],Imitation-Learning/ptcg_engine/ptcgProgram 22/CardImpl.h,4111,exact_numeric_id+exact_name+class,mapped
1249,Grand Tree,trainer,Stadium,77,Grand Tree,1,0,1,1249,Grand Tree,STADIUM,[],[],"[""Grand Tree""]",1,False,False,exact_after_format_normalization,[],Imitation-Learning/ptcg_engine/ptcgProgram 22/CardImpl.h,4126,exact_numeric_id+exact_name+class,mapped
1250,Area Zero Underdepths,trainer,Stadium,9,Area Zero Underdepths,1,0,1,1250,Area Zero Underdepths,STADIUM,[],[],"[""Area Zero Underdepths""]",1,False,False,exact_after_format_normalization,[],Imitation-Learning/ptcg_engine/ptcgProgram 22/CardImpl.h,4140,exact_numeric_id+exact_name+class,mapped
1252,Gravity Mountain,trainer,Stadium,21,Gravity Mountain,1,0,1,1252,Gravity Mountain,STADIUM,[],[],"[""Gravity Mountain""]",1,False,False,exact_after_format_normalization,[],Imitation-Learning/ptcg_engine/ptcgProgram 22/CardImpl.h,4155,exact_numeric_id+exact_name+class,mapped
1253,N’s Castle,trainer,Stadium,12,N’s Castle,1,0,1,1253,N’s Castle,STADIUM,[],[],"[""N’s Castle""]",1,False,False,exact_after_format_normalization,[],Imitation-Learning/ptcg_engine/ptcgProgram 22/CardImpl.h,4161,exact_numeric_id+exact_name+class,mapped
1256,Team Rocket's Watchtower,trainer,Stadium,242,Team Rocket's Watchtower,1,0,1,1256,Team Rocket's Watchtower,STADIUM,[],[],"[""Team Rocket's Watchtower""]",1,False,False,exact_after_format_normalization,[],Imitation-Learning/ptcg_engine/ptcgProgram 22/CardImpl.h,10316,exact_numeric_id+exact_name+class,mapped
1257,Team Rocket's Factory,trainer,Stadium,1805,Team Rocket's Factory,1,0,1,1257,Team Rocket's Factory,STADIUM,[],[],"[""Team Rocket's Factory""]",1,False,False,exact_after_format_normalization,[],Imitation-Learning/ptcg_engine/ptcgProgram 22/CardImpl.h,10322,exact_numeric_id+exact_name+class,mapped
1259,Spikemuth Gym,trainer,Stadium,3774,Spikemuth Gym,1,0,1,1259,Spikemuth Gym,STADIUM,[],[],"[""Spikemuth Gym""]",1,False,False,exact_after_format_normalization,[],Imitation-Learning/ptcg_engine/ptcgProgram 22/CardImpl.h,10335,exact_numeric_id+exact_name+class,mapped
1260,Risky Ruins,trainer,Stadium,1094,Risky Ruins,1,0,1,1260,Risky Ruins,STADIUM,[],[],"[""Risky Ruins""]",1,False,False,exact_after_format_normalization,[],Imitation-Learning/ptcg_engine/ptcgProgram 22/CardImpl.h,10341,exact_numeric_id+exact_name+class,mapped
1261,Forest of Vitality,trainer,Stadium,823,Forest of Vitality,1,0,1,1261,Forest of Vitality,STADIUM,[],[],"[""Forest of Vitality""]",1,False,False,exact_after_format_normalization,[],Imitation-Learning/ptcg_engine/ptcgProgram 22/CardImpl.h,10348,exact_numeric_id+exact_name+class,mapped
1262,Surfing Beach,trainer,Stadium,784,Surfing Beach,1,0,1,1262,Surfing Beach,STADIUM,[],[],"[""Surfing Beach""]",1,False,False,exact_after_format_normalization,[],Imitation-Learning/ptcg_engine/ptcgProgram 22/CardImpl.h,10354,exact_numeric_id+exact_name+class,mapped
1264,Battle Cage,trainer,Stadium,7412,Battle Cage,1,0,1,1264,Battle Cage,STADIUM,[],[],"[""Battle Cage""]",1,False,False,exact_after_format_normalization,[],Imitation-Learning/ptcg_engine/ptcgProgram 22/CardImpl.h,10371,exact_numeric_id+exact_name+class,mapped
1266,Nighttime Mine,trainer,Stadium,8808,Nighttime Mine,1,0,1,1266,Nighttime Mine,STADIUM,[],[],"[""Nighttime Mine""]",1,False,False,exact_after_format_normalization,[],Imitation-Learning/ptcg_engine/ptcgProgram 22/CardImpl.h,12524,exact_numeric_id+exact_name+class,mapped
