card_id,card_name,effect_id,effect_kind,verdict,changed_from_current,change_explanation,current_encoder_included,formula_key,canonical_program_kind,engine_source
1030,Staryu,card:1030:attack:0,attack,ordinary_field,False,delegated to an ordinary printed/card field,True,,sequence,Imitation-Learning/ptcg_engine/ptcgProgram 22/CardImpl.h:11882
1031,Mega Starmie ex,card:1031:attack:0,attack,generic_exact,False,current generic representation is exact,True,,sequence,Imitation-Learning/ptcg_engine/ptcgProgram 22/CardImpl.h:11890
1031,Mega Starmie ex,card:1031:attack:1,attack,override_static,True,old tags omit all three bypass rules,True,,sequence,Imitation-Learning/ptcg_engine/ptcgProgram 22/CardImpl.h:11893
104,Froslass,card:104:ability:0,ability,override_static,True,"damage=10 loses both-player spread, every-checkup timing, Ability filter, and Froslass exclusion",True,,sequence,Imitation-Learning/ptcg_engine/ptcgProgram 22/CardImpl.h:889
104,Froslass,card:104:attack:0,attack,ordinary_field,False,delegated to an ordinary printed/card field,True,,sequence,Imitation-Learning/ptcg_engine/ptcgProgram 22/CardImpl.h:893
1051,Binacle,card:1051:attack:0,attack,generic_exact,False,current generic representation is exact,True,,sequence,Imitation-Learning/ptcg_engine/ptcgProgram 22/CardImpl.h:12112
1051,Binacle,card:1051:attack:1,attack,ordinary_field,False,delegated to an ordinary printed/card field,True,,sequence,Imitation-Learning/ptcg_engine/ptcgProgram 22/CardImpl.h:12116
1052,Barbaracle,card:1052:ability:0,ability,override_static,True,"energy_accel=1 omits the Basic Fighting hand source, Fighting-Pokémon selector, and once-per-turn limit",True,,sequence,Imitation-Learning/ptcg_engine/ptcgProgram 22/CardImpl.h:12124
1052,Barbaracle,card:1052:attack:0,attack,ordinary_field,False,delegated to an ordinary printed/card field,True,,sequence,Imitation-Learning/ptcg_engine/ptcgProgram 22/CardImpl.h:12128
1071,Meowth ex,card:1071:ability:0,ability,override_static,True,"search=1 loses the hand-to-Bench trigger, Supporter filter, reveal/shuffle, optionality, and shared Last-Ditch-name limit",True,,sequence,Imitation-Learning/ptcg_engine/ptcgProgram 22/CardImpl.h:12331
1071,Meowth ex,card:1071:attack:0,attack,override_static,True,old tags omit returning the attacker and every attachment to hand,True,,sequence,Imitation-Learning/ptcg_engine/ptcgProgram 22/CardImpl.h:12335
1077,Roto-Stick,card:1077:trainer_effect:0,trainer_effect,override_static,True,"the current encoder omits top-four inspection, any-number Supporter selection/reveal, and rest-to-deck shuffle",False,,sequence,Imitation-Learning/ptcg_engine/ptcgProgram 22/CardImpl.h:13611
1079,Rare Candy,card:1079:trainer_effect:0,trainer_effect,override_dynamic,True,the current encoder omits Rare Candy's exact Basic-to-matching-Stage-2 relation and both timing prohibitions,False,trainer_01_rare_candy_eligible_evolutions,sequence,Imitation-Learning/ptcg_engine/ptcgProgram 22/CardImpl.h:3282
1080,Unfair Stamp,card:1080:trainer_effect:0,trainer_effect,override_dynamic,True,the current encoder omits the prior-turn own-Pokémon KO gate and asymmetric 5/2 hand replacement,False,trainer_01_unfair_stamp_activation_and_draw,sequence,Imitation-Learning/ptcg_engine/ptcgProgram 22/CardImpl.h:3291
1081,Enhanced Hammer,card:1081:trainer_effect:0,trainer_effect,override_static,True,the current encoder omits the opponent-side attached Special Energy selector and discard,False,,sequence,Imitation-Learning/ptcg_engine/ptcgProgram 22/CardImpl.h:3305
1086,Buddy-Buddy Poffin,card:1086:trainer_effect:0,trainer_effect,override_static,True,"the current encoder omits the up-to-two Basic, <=70 HP, open-Bench-slot, deck-to-Bench, and shuffle semantics",False,,sequence,Imitation-Learning/ptcg_engine/ptcgProgram 22/CardImpl.h:3334
1087,Hand Trimmer,card:1087:trainer_effect:0,trainer_effect,override_dynamic,True,the current encoder omits both discard-until-five calculations and opponent-first resolution order,False,trainer_01_hand_trimmer_discard_counts,sequence,Imitation-Learning/ptcg_engine/ptcgProgram 22/CardImpl.h:3340
1088,Prime Catcher,card:1088:trainer_effect:0,trainer_effect,override_static,True,"the current encoder omits opponent gust first, then success-gated own switch",False,,sequence,Imitation-Learning/ptcg_engine/ptcgProgram 22/CardImpl.h:3349
108,Wellspring Mask Ogerpon ex,card:108:attack:0,attack,generic_exact,False,current generic representation is exact,True,,sequence,Imitation-Learning/ptcg_engine/ptcgProgram 22/CardImpl.h:936
108,Wellspring Mask Ogerpon ex,card:108:attack:1,attack,override_dynamic,True,"snipe=120/discard_energy=3 lose the optional exactly-three shuffle-to-deck cost, self source, one Bench target, and no Bench Weakness/Resistance",True,pokemon_05_wellspring_ogerpon_torrential_pump,sequence,Imitation-Learning/ptcg_engine/ptcgProgram 22/CardImpl.h:939
108,Wellspring Mask Ogerpon ex,card:108:tera:0,tera,override_static,True,the current attack/ability tags omit the Tera Bench-only prevention of attack damage from either player's attacks,False,,sequence,Imitation-Learning/ptcg_engine/ptcgProgram 22/CardImpl.h:935
1092,Secret Box,card:1092:trainer_effect:0,trainer_effect,override_static,True,the current encoder omits the three-other-card cost and four independently capped Trainer-subtype searches,False,,sequence,Imitation-Learning/ptcg_engine/ptcgProgram 22/CardImpl.h:3384
1094,Bug Catching Set,card:1094:trainer_effect:0,trainer_effect,override_static,True,the current encoder omits top-seven inspection and the shared up-to-two Grass-Pokémon/Basic-Grass-Energy selection,False,,sequence,Imitation-Learning/ptcg_engine/ptcgProgram 22/CardImpl.h:3403
1095,Dangerous Laser,card:1095:trainer_effect:0,trainer_effect,override_static,True,the current encoder omits applying both Burned and Confused to the opponent's Active,False,,sequence,Imitation-Learning/ptcg_engine/ptcgProgram 22/CardImpl.h:3410
1097,Night Stretcher,card:1097:trainer_effect:0,trainer_effect,override_static,True,the current encoder omits the exact discard-to-hand Pokémon-or-Basic-Energy union,False,,sequence,Imitation-Learning/ptcg_engine/ptcgProgram 22/CardImpl.h:3426
1098,Glass Trumpet,card:1098:trainer_effect:0,trainer_effect,override_dynamic,True,"the current encoder omits the own-Tera-in-play gate, up-to-two Colorless Bench targets, and one distinct Basic Energy discard attachment per target",False,trainer_05_glass_trumpet_assignments,sequence,Imitation-Learning/ptcg_engine/ptcgProgram 22/CardImpl.h:3432
109,Abra,card:109:ability:0,ability,override_static,True,the all-zero ability vector omits Active-only timing and shuffling this Pokémon plus all attachments into deck,True,,sequence,Imitation-Learning/ptcg_engine/ptcgProgram 22/CardImpl.h:952
109,Abra,card:109:attack:0,attack,ordinary_field,False,delegated to an ordinary printed/card field,True,,sequence,Imitation-Learning/ptcg_engine/ptcgProgram 22/CardImpl.h:956
1102,Dusk Ball,card:1102:trainer_effect:0,trainer_effect,override_static,True,"the current encoder omits bottom-seven inspection, optional Pokémon selection/reveal, and rest-to-deck shuffle",False,,sequence,Imitation-Learning/ptcg_engine/ptcgProgram 22/CardImpl.h:3466
1109,Miracle Headset,card:1109:trainer_effect:0,trainer_effect,override_static,True,the current encoder omits moving up to two Supporters from discard to hand,False,,sequence,Imitation-Learning/ptcg_engine/ptcgProgram 22/CardImpl.h:3528
1113,N’s PP Up,card:1113:trainer_effect:0,trainer_effect,override_static,True,the current encoder omits the Basic Energy discard source and Benched N's Pokémon target filters,False,,sequence,Imitation-Learning/ptcg_engine/ptcgProgram 22/CardImpl.h:3556
1116,Energy Switch,card:1116:trainer_effect:0,trainer_effect,override_static,True,the current encoder omits Basic-Energy-only movement between two distinct own Pokémon,False,,sequence,Imitation-Learning/ptcg_engine/ptcgProgram 22/CardImpl.h:3578
1118,Energy Retrieval,card:1118:trainer_effect:0,trainer_effect,override_static,True,the current encoder omits moving up to two Basic Energy cards from discard to hand,False,,sequence,Imitation-Learning/ptcg_engine/ptcgProgram 22/CardImpl.h:3590
1119,Energy Search,card:1119:trainer_effect:0,trainer_effect,override_static,True,"the current encoder omits the Basic Energy search, reveal, and shuffle",False,,sequence,Imitation-Learning/ptcg_engine/ptcgProgram 22/CardImpl.h:3596
1120,Crushing Hammer,card:1120:trainer_effect:0,trainer_effect,override_dynamic,True,the current encoder omits the fair coin and heads-only opposing attached-Energy discard,False,trainer_02_crushing_hammer,conditional,Imitation-Learning/ptcg_engine/ptcgProgram 22/CardImpl.h:3602
1121,Ultra Ball,card:1121:trainer_effect:0,trainer_effect,override_static,True,the current encoder omits the exact two-other-card hand cost and Pokémon search/reveal/shuffle,False,,sequence,Imitation-Learning/ptcg_engine/ptcgProgram 22/CardImpl.h:3610
1122,Pokégear 3.0,card:1122:trainer_effect:0,trainer_effect,override_static,True,"the current encoder omits top-seven inspection, optional Supporter selection/reveal, and rest-to-deck shuffle",False,,sequence,Imitation-Learning/ptcg_engine/ptcgProgram 22/CardImpl.h:3617
1123,Switch,card:1123:trainer_effect:0,trainer_effect,override_static,True,the current encoder omits the own Active/Bench switch selector,False,,sequence,Imitation-Learning/ptcg_engine/ptcgProgram 22/CardImpl.h:3623
1129,Sacred Ash,card:1129:trainer_effect:0,trainer_effect,override_static,True,the current encoder omits the up-to-five Pokémon discard-to-deck movement and shuffle,False,,sequence,Imitation-Learning/ptcg_engine/ptcgProgram 22/CardImpl.h:9966
112,Munkidori,card:112:ability:0,ability,override_dynamic,True,"damage=30/heal=30 loses the shared moved amount, Darkness condition, up-to choice, and both selectors",True,pokemon_01_munkidori_adrena_brain_transfer,sequence,Imitation-Learning/ptcg_engine/ptcgProgram 22/CardImpl.h:964
112,Munkidori,card:112:attack:0,attack,override_static,True,old attack tags omit Confusion,True,,sequence,Imitation-Learning/ptcg_engine/ptcgProgram 22/CardImpl.h:970
1134,Team Rocket's Transceiver,card:1134:trainer_effect:0,trainer_effect,override_static,True,"the current encoder omits the combined Supporter and Team Rocket name filters, reveal, and shuffle",False,,sequence,Imitation-Learning/ptcg_engine/ptcgProgram 22/CardImpl.h:10010
1137,Tool Scrapper,card:1137:trainer_effect:0,trainer_effect,override_static,True,the current encoder omits the shared up-to-two Tool selector across both players and owner-correct discard destinations,False,,sequence,Imitation-Learning/ptcg_engine/ptcgProgram 22/CardImpl.h:10032
1139,Energy Recycler,card:1139:trainer_effect:0,trainer_effect,override_static,True,the current encoder omits up-to-five Basic Energy discard-to-deck movement and shuffle,False,,sequence,Imitation-Learning/ptcg_engine/ptcgProgram 22/CardImpl.h:10048
1141,Premium Power Pro,card:1141:trainer_effect:0,trainer_effect,override_static,True,the current encoder omits the this-turn Fighting-attacker and opponent-Active gates for +30 damage,False,,sequence,Imitation-Learning/ptcg_engine/ptcgProgram 22/CardImpl.h:10060
1142,Fighting Gong,card:1142:trainer_effect:0,trainer_effect,override_static,True,"the current encoder omits the exact Basic Fighting Energy-or-Basic Fighting Pokémon union, reveal, and shuffle",False,,sequence,Imitation-Learning/ptcg_engine/ptcgProgram 22/CardImpl.h:10066
1145,Mega Signal,card:1145:trainer_effect:0,trainer_effect,override_static,True,"the current encoder omits the Mega Evolution Pokémon ex search, reveal, and shuffle",False,,sequence,Imitation-Learning/ptcg_engine/ptcgProgram 22/CardImpl.h:10085
1146,Wondrous Patch,card:1146:trainer_effect:0,trainer_effect,override_static,True,the current encoder omits the Basic Psychic discard source and Psychic Bench target filters,False,,sequence,Imitation-Learning/ptcg_engine/ptcgProgram 22/CardImpl.h:10091
1147,Jumbo Ice Cream,card:1147:trainer_effect:0,trainer_effect,override_static,True,the current encoder omits the damaged-Active and at-least-three-attached-Energy gate for healing 80,False,,sequence,Imitation-Learning/ptcg_engine/ptcgProgram 22/CardImpl.h:10100
1152,Poké Pad,card:1152:trainer_effect:0,trainer_effect,override_static,True,"the current encoder omits the non-Rule-Box Pokémon filter, reveal, hidden-deck fail-to-find allowance, and shuffle",False,,sequence,Imitation-Learning/ptcg_engine/ptcgProgram 22/CardImpl.h:12425
1155,Survival Brace,card:1155:trainer_effect:0,trainer_effect,override_static,True,"the current encoder omits the full-HP precondition, opponent-attack-damage KO replacement to 10 HP, and mandatory Tool discard",False,,sequence,Imitation-Learning/ptcg_engine/ptcgProgram 22/CardImpl.h:3665
1156,Lucky Helmet,card:1156:trainer_effect:0,trainer_effect,override_static,True,"the current encoder omits the Active-holder damaged-by-opponent-attack trigger, even-if-KO persistence, and draw two",False,,sequence,Imitation-Learning/ptcg_engine/ptcgProgram 22/CardImpl.h:3674
1158,Maximum Belt,card:1158:trainer_effect:0,trainer_effect,engine_baked,True,the existing Tool bake exactly preserves +50 damage against opposing Active Pokémon ex,True,,sequence,Imitation-Learning/ptcg_engine/ptcgProgram 22/CardImpl.h:3689
1159,Hero’s Cape,card:1159:trainer_effect:0,trainer_effect,override_static,True,the current encoder omits Hero's Cape's +100 effective maximum HP,False,,sequence,Imitation-Learning/ptcg_engine/ptcgProgram 22/CardImpl.h:3696
1161,Handheld Fan,card:1161:trainer_effect:0,trainer_effect,override_static,True,"the current encoder omits the Active-tool-holder damaged-by-opponent-attack trigger, even-if-KO persistence, and attacker-to-opponent-Bench Energy movement",False,,sequence,Imitation-Learning/ptcg_engine/ptcgProgram 22/CardImpl.h:3712
1166,Gravity Gemstone,card:1166:trainer_effect:0,trainer_effect,engine_baked,True,the existing Tool bake exactly preserves source-Active gating and +1 Retreat Cost for both Active Pokémon,True,,sequence,Imitation-Learning/ptcg_engine/ptcgProgram 22/CardImpl.h:3750
1167,Deluxe Bomb,card:1167:trainer_effect:0,trainer_effect,override_static,True,"the current encoder omits the Active-holder damaged-by-opponent-attack trigger, even-if-KO persistence, twelve counters on the attacker, and success-gated self-discard",False,,sequence,Imitation-Learning/ptcg_engine/ptcgProgram 22/CardImpl.h:3758
116,Okidogi,card:116:ability:0,ability,override_dynamic,True,"the all-zero ability vector omits the Darkness gate, +100 effective max HP, and +100 outgoing Active damage modifier",True,pokemon_05_okidogi_adrena_power,conditional,Imitation-Learning/ptcg_engine/ptcgProgram 22/CardImpl.h:1011
116,Okidogi,card:116:attack:0,attack,ordinary_field,False,delegated to an ordinary printed/card field,True,,sequence,Imitation-Learning/ptcg_engine/ptcgProgram 22/CardImpl.h:1016
1173,Cynthia's Power Weight,card:1173:trainer_effect:0,trainer_effect,override_static,True,the current encoder omits the Cynthia's-Pokémon holder gate and +70 effective maximum HP,False,,sequence,Imitation-Learning/ptcg_engine/ptcgProgram 22/CardImpl.h:10116
1174,Air Balloon,card:1174:trainer_effect:0,trainer_effect,engine_baked,True,the existing Tool bake exactly preserves -2 Retreat Cost with the normal zero floor,True,,sequence,Imitation-Learning/ptcg_engine/ptcgProgram 22/CardImpl.h:10122
1175,Brave Bangle,card:1175:trainer_effect:0,trainer_effect,engine_baked,True,the existing Tool bake exactly preserves the holder/plain and opposing-Active-ex gates with +30 damage,True,,sequence,Imitation-Learning/ptcg_engine/ptcgProgram 22/CardImpl.h:10128
1176,Punk Helmet,card:1176:trainer_effect:0,trainer_effect,override_static,True,"the current encoder omits the Darkness-holder/Active/damaged-by-opponent-attack trigger, even-if-KO persistence, and exact four counters on the attacker",False,,sequence,Imitation-Learning/ptcg_engine/ptcgProgram 22/CardImpl.h:10134
117,Cornerstone Mask Ogerpon ex,card:117:ability:0,ability,override_static,True,immunity=1 loses the attacker-has-Ability and attack-damage-only boundaries,True,,sequence,Imitation-Learning/ptcg_engine/ptcgProgram 22/CardImpl.h:1024
117,Cornerstone Mask Ogerpon ex,card:117:attack:0,attack,override_static,True,old tags omit all three damage-bypass rules,True,,sequence,Imitation-Learning/ptcg_engine/ptcgProgram 22/CardImpl.h:1027
117,Cornerstone Mask Ogerpon ex,card:117:tera:0,tera,override_static,True,Tera Bench damage prevention is absent from the current tag blocks,False,,sequence,Imitation-Learning/ptcg_engine/ptcgProgram 22/CardImpl.h:1023
1182,Boss’s Orders,card:1182:trainer_effect:0,trainer_effect,override_static,True,the current encoder omits the opponent-Bench gust selector,False,,sequence,Imitation-Learning/ptcg_engine/ptcgProgram 22/CardImpl.h:3812
1184,Lana’s Aid,card:1184:trainer_effect:0,trainer_effect,override_static,True,the current encoder omits the shared up-to-three cap and exact non-Rule-Box-Pokémon/Basic-Energy discard union,False,,sequence,Imitation-Learning/ptcg_engine/ptcgProgram 22/CardImpl.h:3828
1185,Explorer’s Guidance,card:1185:trainer_effect:0,trainer_effect,override_static,True,"the current encoder omits top-six inspection, exactly-two-to-hand selection when available, and discard of every remainder",False,,sequence,Imitation-Learning/ptcg_engine/ptcgProgram 22/CardImpl.h:3835
1186,Eri,card:1186:trainer_effect:0,trainer_effect,override_static,True,the current encoder omits full opponent-hand reveal and owner-selected up-to-two Item discard,False,,sequence,Imitation-Learning/ptcg_engine/ptcgProgram 22/CardImpl.h:3844
1187,Morty’s Conviction,card:1187:trainer_effect:0,trainer_effect,override_dynamic,True,the current encoder omits the one-other-card cost and draw count equal to occupied opponent Bench slots,False,trainer_04_mortys_conviction_draw,sequence,Imitation-Learning/ptcg_engine/ptcgProgram 22/CardImpl.h:3853
1188,Ciphermaniac’s Codebreaking,card:1188:trainer_effect:0,trainer_effect,override_static,True,"the current encoder omits arbitrary two-card deck search, intervening shuffle, and owner-chosen top-deck order",False,,sequence,Imitation-Learning/ptcg_engine/ptcgProgram 22/CardImpl.h:3864
1189,Salvatore,card:1189:trainer_effect:0,trainer_effect,override_dynamic,True,"the current encoder omits exact evolves-from matching, no-Ability filter, deck evolution, shuffle, and same-turn/setup timing exception",False,trainer_03_salvatore_eligible_evolutions,sequence,Imitation-Learning/ptcg_engine/ptcgProgram 22/CardImpl.h:3873
1191,Kieran,card:1191:trainer_effect:0,trainer_effect,override_static,True,the current encoder omits the exclusive choice between an own switch and a this-turn +30 modifier against opposing Active Pokémon ex/V,False,,choice,Imitation-Learning/ptcg_engine/ptcgProgram 22/CardImpl.h:3889
1192,Carmine,card:1192:trainer_effect:0,trainer_effect,override_static,True,the current encoder omits discard-entire-hand then draw-five and the going-first first-turn permission,False,,sequence,Imitation-Learning/ptcg_engine/ptcgProgram 22/CardImpl.h:3898
1194,Colress’s Tenacity,card:1194:trainer_effect:0,trainer_effect,override_static,True,"the current encoder omits separately capped Stadium and Energy searches, reveal, and shuffle",False,,sequence,Imitation-Learning/ptcg_engine/ptcgProgram 22/CardImpl.h:3914
1195,Janine’s Secret Art,card:1195:trainer_effect:0,trainer_effect,override_dynamic,True,"the current encoder omits up-to-two Darkness targets, per-target Basic Darkness deck attachment, shuffle, and Poison only when the Active actually receives Energy",False,trainer_05_janines_secret_art_assignments,sequence,Imitation-Learning/ptcg_engine/ptcgProgram 22/CardImpl.h:3923
1197,Xerosic’s Machinations,card:1197:trainer_effect:0,trainer_effect,override_dynamic,True,the current encoder omits opponent-selected discard-until-three,False,trainer_01_xerosic_discard_until_three,sequence,Imitation-Learning/ptcg_engine/ptcgProgram 22/CardImpl.h:3942
1198,Crispin,card:1198:trainer_effect:0,trainer_effect,override_dynamic,True,the current encoder omits the up-to-two distinct Basic Energy types and the exact one-to-hand/other-to-Pokémon split,False,trainer_02_crispin_energy_assignment,sequence,Imitation-Learning/ptcg_engine/ptcgProgram 22/CardImpl.h:3949
119,Dreepy,card:119:attack:0,attack,ordinary_field,False,delegated to an ordinary printed/card field,True,,sequence,Imitation-Learning/ptcg_engine/ptcgProgram 22/CardImpl.h:1034
119,Dreepy,card:119:attack:1,attack,ordinary_field,False,delegated to an ordinary printed/card field,True,,sequence,Imitation-Learning/ptcg_engine/ptcgProgram 22/CardImpl.h:1036
11,Mist Energy,card:11:energy_effect:0,energy_effect,override_static,True,the current encoder omits Colorless provision and damage-excluding prevention of future opposing attack effects without removing existing effects,False,,sequence,Imitation-Learning/ptcg_engine/ptcgProgram 22/CardImpl.h:71
1202,Drayton,card:1202:trainer_effect:0,trainer_effect,override_static,True,"the current encoder omits top-seven inspection, independent Pokémon and Trainer selections, reveal, and rest-to-deck shuffle",False,,sequence,Imitation-Learning/ptcg_engine/ptcgProgram 22/CardImpl.h:3986
1203,Surfer,card:1203:trainer_effect:0,trainer_effect,override_dynamic,True,the current encoder omits the own switch and success-gated draw-until-five count,False,trainer_03_surfer_draw,sequence,Imitation-Learning/ptcg_engine/ptcgProgram 22/CardImpl.h:3997
1204,Lisia’s Appeal,card:1204:trainer_effect:0,trainer_effect,override_static,True,the current encoder omits the opponent Basic-Bench gust and Confusion on the new Active,False,,sequence,Imitation-Learning/ptcg_engine/ptcgProgram 22/CardImpl.h:4005
1205,Cyrano,card:1205:trainer_effect:0,trainer_effect,override_static,True,"the current encoder omits the up-to-three Pokémon ex search, reveal, and shuffle",False,,sequence,Imitation-Learning/ptcg_engine/ptcgProgram 22/CardImpl.h:4013
1206,Larry’s Skill,card:1206:trainer_effect:0,trainer_effect,override_static,True,the current encoder omits discarding the entire hand and three independently capped Pokémon/Supporter/Basic-Energy searches,False,,sequence,Imitation-Learning/ptcg_engine/ptcgProgram 22/CardImpl.h:4019
1208,Iris’s Fighting Spirit,card:1208:trainer_effect:0,trainer_effect,override_dynamic,True,the current encoder omits the one-other-card discard cost and exact draw-until-six count,False,trainer_04_iriss_fighting_spirit_draw,sequence,Imitation-Learning/ptcg_engine/ptcgProgram 22/CardImpl.h:4030
120,Drakloak,card:120:ability:0,ability,override_static,True,"the all-zero ability vector omits private top-two inspection, choice, hand movement, and bottom-deck ordering",True,,sequence,Imitation-Learning/ptcg_engine/ptcgProgram 22/CardImpl.h:1043
120,Drakloak,card:120:attack:0,attack,ordinary_field,False,delegated to an ordinary printed/card field,True,,sequence,Imitation-Learning/ptcg_engine/ptcgProgram 22/CardImpl.h:1046
1210,Brock’s Scouting,card:1210:trainer_effect:0,trainer_effect,override_static,True,"the current encoder omits the engine's exact branch: choose one Pokémon, then a second only when the first is Basic, yielding up to two Basic or one Evolution",False,,sequence,Imitation-Learning/ptcg_engine/ptcgProgram 22/CardImpl.h:4048
1211,Black Belt’s Training,card:1211:trainer_effect:0,trainer_effect,override_static,True,the current encoder omits the this-turn opposing-Active-Pokémon-ex gate for +40 damage,False,,sequence,Imitation-Learning/ptcg_engine/ptcgProgram 22/CardImpl.h:4057
1212,Cook,card:1212:trainer_effect:0,trainer_effect,override_static,True,the current encoder omits healing 70 from the damaged own Active,False,,sequence,Imitation-Learning/ptcg_engine/ptcgProgram 22/CardImpl.h:4063
1213,Judge,card:1213:trainer_effect:0,trainer_effect,override_static,True,the current encoder omits symmetric hand replacement with four cards each,False,,sequence,Imitation-Learning/ptcg_engine/ptcgProgram 22/CardImpl.h:4070
1216,Team Rocket's Ariana,card:1216:trainer_effect:0,trainer_effect,override_dynamic,True,the current encoder omits draw-until-five versus draw-until-eight based on every own Pokémon being Team Rocket's,False,trainer_02_team_rocket_ariana_draw,conditional,Imitation-Learning/ptcg_engine/ptcgProgram 22/CardImpl.h:10161
1217,Team Rocket's Archer,card:1217:trainer_effect:0,trainer_effect,override_dynamic,True,the current encoder omits the prior-turn Team Rocket Pokémon KO gate and asymmetric 5/3 hand replacement,False,trainer_02_team_rocket_archer_activation,sequence,Imitation-Learning/ptcg_engine/ptcgProgram 22/CardImpl.h:10173
1218,Team Rocket's Giovanni,card:1218:trainer_effect:0,trainer_effect,override_static,True,"the current encoder omits both Team Rocket filters, own-switch-first order, and success-gated opponent gust",False,,sequence,Imitation-Learning/ptcg_engine/ptcgProgram 22/CardImpl.h:10187
1219,Team Rocket's Petrel,card:1219:trainer_effect:0,trainer_effect,override_static,True,"the current encoder omits the Trainer-card deck search, reveal, and shuffle",False,,sequence,Imitation-Learning/ptcg_engine/ptcgProgram 22/CardImpl.h:10196
121,Dragapult ex,card:121:attack:0,attack,ordinary_field,False,delegated to an ordinary printed/card field,True,,sequence,Imitation-Learning/ptcg_engine/ptcgProgram 22/CardImpl.h:1054
121,Dragapult ex,card:121:attack:1,attack,override_static,True,counter_snipe=60 loses exact six-counter units and arbitrary distribution across any number of opposing Benched Pokémon,True,,sequence,Imitation-Learning/ptcg_engine/ptcgProgram 22/CardImpl.h:1056
121,Dragapult ex,card:121:tera:0,tera,override_static,True,Tera Bench damage prevention is absent from the current tag blocks,False,,sequence,Imitation-Learning/ptcg_engine/ptcgProgram 22/CardImpl.h:1053
1220,Team Rocket's Proton,card:1220:trainer_effect:0,trainer_effect,override_static,True,the current encoder omits the up-to-three Basic Team Rocket's Pokémon search and the explicit first-player first-turn permission,False,,sequence,Imitation-Learning/ptcg_engine/ptcgProgram 22/CardImpl.h:10202
1223,Harlequin,card:1223:trainer_effect:0,trainer_effect,override_dynamic,True,the current encoder omits both-hand replacement and the exact fair-coin 5/3 versus 3/5 distribution,False,trainer_04_harlequin_draw_distribution,sequence,Imitation-Learning/ptcg_engine/ptcgProgram 22/CardImpl.h:10224
1224,Cheren,card:1224:trainer_effect:0,trainer_effect,override_static,True,the current encoder omits drawing three cards,False,,sequence,Imitation-Learning/ptcg_engine/ptcgProgram 22/CardImpl.h:10241
1225,Hilda,card:1225:trainer_effect:0,trainer_effect,override_static,True,"the current encoder omits the separately capped Evolution-Pokémon and Energy searches, reveal, and shared shuffle",False,,sequence,Imitation-Learning/ptcg_engine/ptcgProgram 22/CardImpl.h:10247
1227,Lillie's Determination,card:1227:trainer_effect:0,trainer_effect,override_dynamic,True,the current encoder omits hand replacement and the exact-six-Prizes 8-versus-6 draw branch,False,trainer_01_lillies_determination_draw,sequence,Imitation-Learning/ptcg_engine/ptcgProgram 22/CardImpl.h:10266
1228,Acerola's Mischief,card:1228:trainer_effect:0,trainer_effect,override_static,True,"the current encoder omits the opponent-two-or-fewer-Prizes gate, any-own-Pokémon selector, ex-only attacker filter, and next-turn damage-and-effects prevention",False,,sequence,Imitation-Learning/ptcg_engine/ptcgProgram 22/CardImpl.h:10277
1229,Wally's Compassion,card:1229:trainer_effect:0,trainer_effect,override_dynamic,True,the current encoder omits full healing of one damaged own Mega Evolution Pokémon ex and the heal-success-gated all-Energy return,False,trainer_02_wallys_compassion,sequence,Imitation-Learning/ptcg_engine/ptcgProgram 22/CardImpl.h:10284
122,Tatsugiri,card:122:ability:0,ability,override_static,True,"the all-zero ability vector omits Active-only top-six inspection, optional Supporter selection/reveal, hand movement, and shuffle",True,,sequence,Imitation-Learning/ptcg_engine/ptcgProgram 22/CardImpl.h:1063
122,Tatsugiri,card:122:attack:0,attack,ordinary_field,False,delegated to an ordinary printed/card field,True,,sequence,Imitation-Learning/ptcg_engine/ptcgProgram 22/CardImpl.h:1066
1231,Dawn,card:1231:trainer_effect:0,trainer_effect,override_static,True,"the current encoder omits three independent stage-filtered searches, reveal, and shuffle",False,,sequence,Imitation-Learning/ptcg_engine/ptcgProgram 22/CardImpl.h:10304
1235,Waitress,card:1235:trainer_effect:0,trainer_effect,override_static,True,"the current encoder omits top-six inspection, optional Basic Energy attachment to any own Pokémon, and rest-to-deck shuffle",False,,sequence,Imitation-Learning/ptcg_engine/ptcgProgram 22/CardImpl.h:12479
1236,Urbain,card:1236:trainer_effect:0,trainer_effect,override_static,True,the current encoder omits drawing three cards,False,,sequence,Imitation-Learning/ptcg_engine/ptcgProgram 22/CardImpl.h:12490
1238,Tarragon,card:1238:trainer_effect:0,trainer_effect,override_static,True,the current encoder omits the shared up-to-four cap and exact Fighting-Pokémon/Basic-Fighting-Energy discard union,False,,sequence,Imitation-Learning/ptcg_engine/ptcgProgram 22/CardImpl.h:12496
1240,Rosa's Encouragement,card:1240:trainer_effect:0,trainer_effect,override_dynamic,True,the current encoder omits the more-Prizes-remaining gate and up-to-two Basic Energy discard attachment to one own Stage 2,False,trainer_04_rosas_encouragement,sequence,Imitation-Learning/ptcg_engine/ptcgProgram 22/CardImpl.h:12510
1242,Community Center,card:1242:trainer_effect:0,trainer_effect,override_dynamic,True,the current encoder omits once-per-turn Supporter-history-gated healing of 10 from every own Pokémon,False,trainer_03_community_center_healing,sequence,Imitation-Learning/ptcg_engine/ptcgProgram 22/CardImpl.h:4081
1244,Full Metal Lab,card:1244:trainer_effect:0,trainer_effect,engine_baked,True,the existing Stadium bake exactly preserves -30 damage taken by Metal Pokémon from opposing attacks after Weakness/Resistance,True,,sequence,Imitation-Learning/ptcg_engine/ptcgProgram 22/CardImpl.h:4095
1245,Festival Grounds,card:1245:trainer_effect:0,trainer_effect,override_static,True,the current encoder omits immediate recovery and continuing Special-Condition immunity for every Pokémon with attached Energy,False,,sequence,Imitation-Learning/ptcg_engine/ptcgProgram 22/CardImpl.h:4101
1246,Jamming Tower,card:1246:trainer_effect:0,trainer_effect,override_static,True,the current Stadium bake has no modifiers and therefore omits complete suppression of all attached Pokémon Tool effects,True,,sequence,Imitation-Learning/ptcg_engine/ptcgProgram 22/CardImpl.h:4107
1247,Neutralization Zone,card:1247:trainer_effect:0,trainer_effect,override_static,True,the current encoder omits both non-Rule-Box damage prevention from opposing Pokémon ex/V and the card-level discard-to-hand/deck prohibition,False,,sequence,Imitation-Learning/ptcg_engine/ptcgProgram 22/CardImpl.h:4115
1249,Grand Tree,card:1249:trainer_effect:0,trainer_effect,override_dynamic,True,"the current encoder omits once-per-turn deck evolution through matching Stage 1 then optional matching Stage 2, plus normal Basic timing restrictions",False,trainer_04_grand_tree_evolution_chain,sequence,Imitation-Learning/ptcg_engine/ptcgProgram 22/CardImpl.h:4129
1250,Area Zero Underdepths,card:1250:trainer_effect:0,trainer_effect,override_dynamic,True,the current encoder omits Tera-gated Bench capacity 8 and both forced discard-to-five transitions with exact stadium-owner-first departure order,False,trainer_05_area_zero_bench_capacity,sequence,Imitation-Learning/ptcg_engine/ptcgProgram 22/CardImpl.h:4142
1252,Gravity Mountain,card:1252:trainer_effect:0,trainer_effect,engine_baked,True,the existing Stadium bake exactly preserves -30 effective maximum HP for every Stage 2 Pokémon on both sides,True,,sequence,Imitation-Learning/ptcg_engine/ptcgProgram 22/CardImpl.h:4157
1253,N’s Castle,card:1253:trainer_effect:0,trainer_effect,engine_baked,True,the existing Stadium bake exactly sets Retreat Cost to zero for every N's Pokémon on both sides,True,,sequence,Imitation-Learning/ptcg_engine/ptcgProgram 22/CardImpl.h:4163
1256,Team Rocket's Watchtower,card:1256:trainer_effect:0,trainer_effect,override_static,True,the current Stadium bake has no modifiers and omits complete Ability suppression for Colorless Pokémon on both sides,True,,sequence,Imitation-Learning/ptcg_engine/ptcgProgram 22/CardImpl.h:10318
1257,Team Rocket's Factory,card:1257:trainer_effect:0,trainer_effect,override_dynamic,True,the current encoder omits the once-per-turn Stadium draw gated by a Team Rocket-named Supporter played from hand this turn,False,trainer_02_team_rocket_factory_activation,sequence,Imitation-Learning/ptcg_engine/ptcgProgram 22/CardImpl.h:10324
1259,Spikemuth Gym,card:1259:trainer_effect:0,trainer_effect,override_static,True,the current encoder omits the once-per-player-turn Stadium search for a Marnie's Pokémon,False,,sequence,Imitation-Learning/ptcg_engine/ptcgProgram 22/CardImpl.h:10337
1260,Risky Ruins,card:1260:trainer_effect:0,trainer_effect,override_dynamic,True,"the current encoder omits the during-own-turn Bench-entry trigger, Basic/non-Darkness filters, and exact two-counter placement",False,trainer_03_risky_ruins_trigger,sequence,Imitation-Learning/ptcg_engine/ptcgProgram 22/CardImpl.h:10343
1261,Forest of Vitality,card:1261:trainer_effect:0,trainer_effect,override_dynamic,True,the current encoder omits same-turn Grass-to-Grass evolution permission and retained first-turn prohibition,False,trainer_03_forest_of_vitality_evolution_options,sequence,Imitation-Learning/ptcg_engine/ptcgProgram 22/CardImpl.h:10350
1262,Surfing Beach,card:1262:trainer_effect:0,trainer_effect,override_static,True,the current encoder omits the once-per-player-turn Water-Active/Water-Bench switch,False,,sequence,Imitation-Learning/ptcg_engine/ptcgProgram 22/CardImpl.h:10356
1264,Battle Cage,card:1264:trainer_effect:0,trainer_effect,override_static,True,"the current encoder omits the Bench-only, counter-only, opponent-Pokémon attack-or-Ability prevention boundary",False,,sequence,Imitation-Learning/ptcg_engine/ptcgProgram 22/CardImpl.h:10373
1266,Nighttime Mine,card:1266:trainer_effect:0,trainer_effect,engine_baked,True,the existing stat bake exactly preserves +1 Colorless attack cost for every Tera Pokémon on both sides,True,,sequence,Imitation-Learning/ptcg_engine/ptcgProgram 22/CardImpl.h:12526
12,Legacy Energy,card:12:energy_effect:0,energy_effect,override_dynamic,True,the current encoder omits one-unit every-type provision and once-per-game -1 Prize on opponent-attack-damage KO,False,energy_01_legacy_energy_prize_reduction,sequence,Imitation-Learning/ptcg_engine/ptcgProgram 22/CardImpl.h:79
131,Duskull,card:131:attack:0,attack,override_static,True,old tags omit the up-to-three same-name discard-to-Bench movement,True,,sequence,Imitation-Learning/ptcg_engine/ptcgProgram 22/CardImpl.h:1168
131,Duskull,card:131:attack:1,attack,ordinary_field,False,delegated to an ordinary printed/card field,True,,sequence,Imitation-Learning/ptcg_engine/ptcgProgram 22/CardImpl.h:1171
132,Dusclops,card:132:ability:0,ability,override_static,True,"damage=50 loses exact counter semantics, any-opponent-Pokémon targeting, once-per-turn timing, mandatory self-KO, and engine execution order",True,,sequence,Imitation-Learning/ptcg_engine/ptcgProgram 22/CardImpl.h:1180
132,Dusclops,card:132:attack:0,attack,ordinary_field,False,delegated to an ordinary printed/card field,True,,sequence,Imitation-Learning/ptcg_engine/ptcgProgram 22/CardImpl.h:1184
133,Dusknoir,card:133:ability:0,ability,override_static,True,"damage=130 loses exact counter semantics, any-opponent-Pokémon targeting, once-per-turn timing, mandatory self-KO, and engine execution order",True,,sequence,Imitation-Learning/ptcg_engine/ptcgProgram 22/CardImpl.h:1193
133,Dusknoir,card:133:attack:0,attack,generic_exact,False,current generic representation is exact,True,,sequence,Imitation-Learning/ptcg_engine/ptcgProgram 22/CardImpl.h:1197
13,Enriching Energy,card:13:energy_effect:0,energy_effect,override_static,True,the current encoder omits Colorless provision and the attach-from-hand draw-four trigger,False,,sequence,Imitation-Learning/ptcg_engine/ptcgProgram 22/CardImpl.h:88
140,Fezandipiti ex,card:140:ability:0,ability,override_dynamic,True,draw=3 omits KO-history condition and same-name usage limit,True,pokemon_01_fezandipiti_flip_script_history,sequence,Imitation-Learning/ptcg_engine/ptcgProgram 22/CardImpl.h:1283
140,Fezandipiti ex,card:140:attack:0,attack,override_static,True,snipe=100 does not express that Active or Bench may be chosen,True,,sequence,Imitation-Learning/ptcg_engine/ptcgProgram 22/CardImpl.h:1288
141,Pecharunt ex,card:141:ability:0,ability,override_static,True,"switch=1 omits the Darkness-only Bench selector, Pecharunt ex exclusion, same-name limit, and mandatory Poison on the new Active",True,,sequence,Imitation-Learning/ptcg_engine/ptcgProgram 22/CardImpl.h:1296
141,Pecharunt ex,card:141:attack:0,attack,override_dynamic,True,reviewed damage 60 omits multiplication by the opponent's taken-Prize count,True,pokemon_05_pecharunt_irritated_outburst,sequence,Imitation-Learning/ptcg_engine/ptcgProgram 22/CardImpl.h:1302
14,Spiky Energy,card:14:energy_effect:0,energy_effect,override_static,True,"the current encoder omits Colorless provision, the Active-holder damage trigger including KO, and exact two-counter retaliation",False,,sequence,Imitation-Learning/ptcg_engine/ptcgProgram 22/CardImpl.h:95
150,Hydrapple ex,card:150:ability:0,ability,override_static,True,"energy_accel=1/heal=30 omit the Basic Grass hand source, shared any-own-Pokémon target, draw-free attach gate, and once-per-turn limit",True,,sequence,Imitation-Learning/ptcg_engine/ptcgProgram 22/CardImpl.h:1384
150,Hydrapple ex,card:150:attack:0,attack,override_dynamic,True,reviewed damage 30 omits the +30 multiplier across Grass Energy on every own Pokémon,True,pokemon_06_hydrapple_syrup_storm,sequence,Imitation-Learning/ptcg_engine/ptcgProgram 22/CardImpl.h:1390
15,Team Rocket's Energy,card:15:energy_effect:0,energy_effect,override_dynamic,True,"the current encoder omits the Team Rocket-only attachment rule, refresh-time illegal-holder discard, and two units in any Psychic/Darkness combination",False,energy_01_team_rocket_energy_payment,sequence,Imitation-Learning/ptcg_engine/ptcgProgram 22/CardImpl.h:4185
164,Comfey,card:164:attack:0,attack,override_static,True,draws_cards=3/deckout=1 does not preserve exact three-card draws for each player or engine resolution order,True,,sequence,Imitation-Learning/ptcg_engine/ptcgProgram 22/CardImpl.h:12819
164,Comfey,card:164:attack:1,attack,override_dynamic,True,probabilistic=1 omits exact 20/40 outcomes and their equal probabilities,True,pokemon_03_comfey_play_rough,conditional,Imitation-Learning/ptcg_engine/ptcgProgram 22/CardImpl.h:12824
169,Duraludon,card:169:attack:0,attack,ordinary_field,False,delegated to an ordinary printed/card field,True,,sequence,Imitation-Learning/ptcg_engine/ptcgProgram 22/CardImpl.h:1585
169,Duraludon,card:169:attack:1,attack,override_dynamic,True,the old max-damage override 30 suppresses this attack; outrage=1 does not retain the exact 80 + current HP-loss formula,True,pokemon_03_duraludon_raging_hammer,sequence,Imitation-Learning/ptcg_engine/ptcgProgram 22/CardImpl.h:1587
16,Prism Energy,card:16:energy_effect:0,energy_effect,override_dynamic,True,the current encoder omits Basic-holder every-type provision with a one-unit cap versus Colorless-only provision otherwise,False,energy_01_prism_energy_provision,conditional,Imitation-Learning/ptcg_engine/ptcgProgram 22/CardImpl.h:4192
174,Fan Rotom,card:174:ability:0,ability,override_static,True,"search=3 loses first-turn timing, same-name limit, Colorless Pokémon and <=100 HP filters, up-to choice, reveal, and shuffle",True,,sequence,Imitation-Learning/ptcg_engine/ptcgProgram 22/CardImpl.h:1642
174,Fan Rotom,card:174:attack:0,attack,override_dynamic,True,reviewed damage 70 omits the no-Stadium failure gate,True,pokemon_04_fan_rotom_assault_landing,conditional,Imitation-Learning/ptcg_engine/ptcgProgram 22/CardImpl.h:1646
17,Ignition Energy,card:17:energy_effect:0,energy_effect,override_dynamic,True,the current encoder omits 1-versus-3 Colorless provision by holder stage and mandatory owner-turn-end discard,False,energy_01_ignition_energy_provision,sequence,Imitation-Learning/ptcg_engine/ptcgProgram 22/CardImpl.h:4198
183,Smoochum,card:183:attack:0,attack,override_static,True,"energy_accel=2 loses deck source, Basic Psychic filter, one shared Bench target, up-to choice, Bench requirement, and shuffle",True,,sequence,Imitation-Learning/ptcg_engine/ptcgProgram 22/CardImpl.h:12859
184,Latias ex,card:184:ability:0,ability,engine_baked,True,switch=1 is misleading; current stat_bakes.py separately and exactly sets retreat cost to zero only for own Basic Pokémon in play,True,,sequence,Imitation-Learning/ptcg_engine/ptcgProgram 22/CardImpl.h:1739
184,Latias ex,card:184:attack:0,attack,generic_exact,False,current generic representation is exact,True,,sequence,Imitation-Learning/ptcg_engine/ptcgProgram 22/CardImpl.h:1742
18,Grow Grass Energy,card:18:energy_effect:0,energy_effect,override_static,True,the current encoder omits Grass provision and the Grass-holder-only +20 effective maximum HP,False,,sequence,Imitation-Learning/ptcg_engine/ptcgProgram 22/CardImpl.h:10390
190,Archaludon ex,card:190:ability:0,ability,override_static,True,"energy_active=2 loses the evolution trigger, discard source, Basic Metal filter, up-to/shared cap, Metal-Pokémon targets, and arbitrary distribution",True,,sequence,Imitation-Learning/ptcg_engine/ptcgProgram 22/CardImpl.h:1816
190,Archaludon ex,card:190:attack:0,attack,override_static,True,outrage=1 is incorrect; the post-attack effect removes this Pokémon's Weakness during the opponent's next turn,True,,sequence,Imitation-Learning/ptcg_engine/ptcgProgram 22/CardImpl.h:1820
19,Telepath Psychic Energy,card:19:energy_effect:0,energy_effect,override_static,True,the current encoder omits Psychic provision and the hand-attach-to-Psychic trigger that benches up to two Basic Psychic Pokémon and shuffles,False,,sequence,Imitation-Learning/ptcg_engine/ptcgProgram 22/CardImpl.h:10397
20,Rock Fighting Energy,card:20:energy_effect:0,energy_effect,override_static,True,the current encoder omits Fighting provision and Fighting-holder-only prevention of future opposing attack effects while preserving damage/existing effects,False,,sequence,Imitation-Learning/ptcg_engine/ptcgProgram 22/CardImpl.h:10405
214,Togekiss,card:214:ability:0,ability,override_dynamic,True,"the all-zero ability vector omits KO trigger, fair coin, +1 Prize, and nonstacking rule",True,pokemon_03_togekiss_wonder_kiss,conditional,Imitation-Learning/ptcg_engine/ptcgProgram 22/CardImpl.h:2087
214,Togekiss,card:214:attack:0,attack,ordinary_field,False,delegated to an ordinary printed/card field,True,,sequence,Imitation-Learning/ptcg_engine/ptcgProgram 22/CardImpl.h:2092
235,Budew,card:235:attack:0,attack,generic_exact,False,current generic representation is exact,True,,sequence,Imitation-Learning/ptcg_engine/ptcgProgram 22/CardImpl.h:2314
245,Alakazam,card:245:attack:0,attack,override_dynamic,True,the all-zero attack vector omits Confusion and arbitrary conserved redistribution of existing opponent damage counters,True,pokemon_03_alakazam_strange_hacking,sequence,Imitation-Learning/ptcg_engine/ptcgProgram 22/CardImpl.h:12954
245,Alakazam,card:245:attack:1,attack,override_dynamic,True,reviewed damage 10 omits the +50 multiplier for every Energy attached to the opponent's Active Pokémon,True,pokemon_03_alakazam_psychic,sequence,Imitation-Learning/ptcg_engine/ptcgProgram 22/CardImpl.h:12958
247,Swirlix,card:247:ability:0,ability,override_dynamic,True,"the all-zero ability vector omits the Festival Grounds gate, two-attack allowance, and post-KO replacement continuation",True,pokemon_03_swirlix_festival_lead,conditional,Imitation-Learning/ptcg_engine/ptcgProgram 22/CardImpl.h:12966
247,Swirlix,card:247:attack:0,attack,override_static,True,counter_snipe=20 loses exact two-counter units and Active-or-Bench opponent targeting,True,,sequence,Imitation-Learning/ptcg_engine/ptcgProgram 22/CardImpl.h:12969
257,N’s Darumaka,card:257:attack:0,attack,ordinary_field,False,delegated to an ordinary printed/card field,True,,sequence,Imitation-Learning/ptcg_engine/ptcgProgram 22/CardImpl.h:2503
257,N’s Darumaka,card:257:attack:1,attack,ordinary_field,False,delegated to an ordinary printed/card field,True,,sequence,Imitation-Learning/ptcg_engine/ptcgProgram 22/CardImpl.h:2505
258,N’s Darmanitan,card:258:attack:0,attack,override_dynamic,True,reviewed damage 30 omits the opponent-discard Basic Energy card filter and count multiplier,True,pokemon_06_ns_darmanitan_back_draft,sequence,Imitation-Learning/ptcg_engine/ptcgProgram 22/CardImpl.h:2514
258,N’s Darmanitan,card:258:attack:1,attack,override_static,True,"snipe=90/discard_energy=3 lose the mandatory all-attached-Energy discard, one Bench target, and no Bench Weakness/Resistance",True,,sequence,Imitation-Learning/ptcg_engine/ptcgProgram 22/CardImpl.h:2517
272,Lillie’s Clefairy ex,card:272:ability:0,ability,override_static,True,the all-zero ability vector omits setting every opposing Dragon Pokémon's Weakness to Psychic ×2,True,,sequence,Imitation-Learning/ptcg_engine/ptcgProgram 22/CardImpl.h:2670
272,Lillie’s Clefairy ex,card:272:attack:0,attack,override_dynamic,True,reviewed damage 20 omits both players' Bench counts and variable Bench capacities,True,pokemon_04_lillies_clefairy_full_moon_rondo,sequence,Imitation-Learning/ptcg_engine/ptcgProgram 22/CardImpl.h:2673
292,N’s Zorua,card:292:attack:0,attack,ordinary_field,False,delegated to an ordinary printed/card field,True,,sequence,Imitation-Learning/ptcg_engine/ptcgProgram 22/CardImpl.h:2871
293,N’s Zoroark ex,card:293:ability:0,ability,override_static,True,draw=2 omits the mandatory one-card hand discard cost and once-per-turn activation,True,,sequence,Imitation-Learning/ptcg_engine/ptcgProgram 22/CardImpl.h:2880
293,N’s Zoroark ex,card:293:attack:0,attack,override_dynamic,True,the zero-damage attack vector omits choosing and executing an attack from an own Benched N's Pokémon,True,pokemon_05_ns_zoroark_night_joker,sequence,Imitation-Learning/ptcg_engine/ptcgProgram 22/CardImpl.h:2884
303,N’s Reshiram,card:303:attack:0,attack,override_dynamic,True,reviewed damage 20/outrage=1 omit the exact 20 multiplier and zero-damage undamaged state,True,pokemon_05_ns_reshiram_powerful_rage,sequence,Imitation-Learning/ptcg_engine/ptcgProgram 22/CardImpl.h:3001
303,N’s Reshiram,card:303:attack:1,attack,ordinary_field,False,delegated to an ordinary printed/card field,True,,sequence,Imitation-Learning/ptcg_engine/ptcgProgram 22/CardImpl.h:3004
305,Dunsparce,card:305:attack:0,attack,override_static,True,old attack tags omit the switch,True,,sequence,Imitation-Learning/ptcg_engine/ptcgProgram 22/CardImpl.h:3023
305,Dunsparce,card:305:attack:1,attack,ordinary_field,False,delegated to an ordinary printed/card field,True,,sequence,Imitation-Learning/ptcg_engine/ptcgProgram 22/CardImpl.h:3027
306,Dudunsparce ex,card:306:attack:0,attack,override_dynamic,True,reviewed damage 60 omits multiplication by every opposing Pokémon ex in play and expanded Bench capacity,True,pokemon_04_dudunsparce_tenacious_tail,sequence,Imitation-Learning/ptcg_engine/ptcgProgram 22/CardImpl.h:3035
306,Dudunsparce ex,card:306:attack:1,attack,override_static,True,old tags omit defender-effect bypass while Weakness and Resistance still apply,True,,sequence,Imitation-Learning/ptcg_engine/ptcgProgram 22/CardImpl.h:3038
31,Chi-Yu,card:31:attack:0,attack,generic_exact,False,current generic representation is exact,True,,sequence,Imitation-Learning/ptcg_engine/ptcgProgram 22/CardImpl.h:12561
31,Chi-Yu,card:31:attack:1,attack,override_dynamic,True,reviewed damage 60 omits the Stadium-gated +60 branch and mandatory Stadium discard,True,pokemon_04_chi_yu_ground_melter,conditional,Imitation-Learning/ptcg_engine/ptcgProgram 22/CardImpl.h:12565
333,Riolu,card:333:attack:0,attack,override_dynamic,True,probabilistic=1/reviewed damage 10 omit the exact fair-coin 10/30 distribution and expected damage 20,True,pokemon_06_riolu_quick_attack,conditional,Imitation-Learning/ptcg_engine/ptcgProgram 22/CardImpl.h:13100
341,Cynthia's Roselia,card:341:attack:0,attack,ordinary_field,False,delegated to an ordinary printed/card field,True,,sequence,Imitation-Learning/ptcg_engine/ptcgProgram 22/CardImpl.h:4249
342,Cynthia's Roserade,card:342:ability:0,ability,engine_baked,True,the generic ability vector is all zero; current stat_bakes.py separately preserves the +30 Cynthia/Active modifier,True,,sequence,Imitation-Learning/ptcg_engine/ptcgProgram 22/CardImpl.h:4258
342,Cynthia's Roserade,card:342:attack:0,attack,ordinary_field,False,delegated to an ordinary printed/card field,True,,sequence,Imitation-Learning/ptcg_engine/ptcgProgram 22/CardImpl.h:4261
343,Shaymin,card:343:ability:0,ability,override_static,True,"barrier=1 loses Bench-only, non-Rule-Box, opponent-attack, and damage-only boundaries",True,,sequence,Imitation-Learning/ptcg_engine/ptcgProgram 22/CardImpl.h:4268
343,Shaymin,card:343:attack:0,attack,ordinary_field,False,delegated to an ordinary printed/card field,True,,sequence,Imitation-Learning/ptcg_engine/ptcgProgram 22/CardImpl.h:4271
344,Dwebble,card:344:attack:0,attack,override_static,True,old attack tags omit deck-search evolution and shuffle,True,,sequence,Imitation-Learning/ptcg_engine/ptcgProgram 22/CardImpl.h:4278
345,Crustle,card:345:ability:0,ability,override_static,True,immunity=1 loses the Pokemon-ex attacker restriction and damage-only boundary,True,,sequence,Imitation-Learning/ptcg_engine/ptcgProgram 22/CardImpl.h:4291
345,Crustle,card:345:attack:0,attack,override_static,True,old tags omit defender-effect bypass,True,,sequence,Imitation-Learning/ptcg_engine/ptcgProgram 22/CardImpl.h:4294
379,Cynthia's Gible,card:379:attack:0,attack,override_static,True,old tags omit resistance bypass while Weakness and target effects still apply,True,,sequence,Imitation-Learning/ptcg_engine/ptcgProgram 22/CardImpl.h:4672
380,Cynthia's Gabite,card:380:ability:0,ability,override_static,True,"search=1 loses the Cynthia's-Pokémon filter, once-per-turn limit, reveal, destination, and shuffle",True,,sequence,Imitation-Learning/ptcg_engine/ptcgProgram 22/CardImpl.h:4682
380,Cynthia's Gabite,card:380:attack:0,attack,ordinary_field,False,delegated to an ordinary printed/card field,True,,sequence,Imitation-Learning/ptcg_engine/ptcgProgram 22/CardImpl.h:4685
381,Cynthia's Garchomp ex,card:381:attack:0,attack,override_static,True,draws_cards=6 can imply drawing six; the effect is optional and draws only until the hand reaches six,True,,sequence,Imitation-Learning/ptcg_engine/ptcgProgram 22/CardImpl.h:4694
381,Cynthia's Garchomp ex,card:381:attack:1,attack,override_static,True,discard_energy=2 incorrectly looks capped at the printed cost; the attack discards every Energy attached to the attacker,True,,sequence,Imitation-Learning/ptcg_engine/ptcgProgram 22/CardImpl.h:4700
387,Cynthia's Spiritomb,card:387:attack:0,attack,override_dynamic,True,reviewed damage 10 omits counter scaling; the existing live helper also over-broadly counts non-Cynthia and non-Benched damaged Pokémon,True,pokemon_03_cynthias_spiritomb_raging_curse,sequence,Imitation-Learning/ptcg_engine/ptcgProgram 22/CardImpl.h:4763
400,Team Rocket's Tarountula,card:400:attack:0,attack,generic_exact,False,current generic representation is exact,True,,sequence,Imitation-Learning/ptcg_engine/ptcgProgram 22/CardImpl.h:4900
401,Team Rocket's Spidops,card:401:ability:0,ability,override_static,True,"energy_active=1 loses the discard source, Basic-Energy filter, self target, and once-per-turn limit",True,,sequence,Imitation-Learning/ptcg_engine/ptcgProgram 22/CardImpl.h:4910
401,Team Rocket's Spidops,card:401:attack:0,attack,override_dynamic,True,"reviewed damage 30 omits multiplication by all own in-play Team Rocket Pokémon, including the attacker",True,pokemon_02_team_rockets_spidops_rocket_rush,sequence,Imitation-Learning/ptcg_engine/ptcgProgram 22/CardImpl.h:4913
414,Team Rocket's Articuno,card:414:ability:0,ability,override_static,True,old ability tags encode no protection at all,True,,sequence,Imitation-Learning/ptcg_engine/ptcgProgram 22/CardImpl.h:5060
414,Team Rocket's Articuno,card:414:attack:0,attack,override_dynamic,True,reviewed maximum 60 omits the conditional +60,True,pokemon_01_articuno_dark_frost,sequence,Imitation-Learning/ptcg_engine/ptcgProgram 22/CardImpl.h:5063
42,Applin,card:42:attack:0,attack,override_static,True,"search=1 omits the Pokémon-card filter, reveal, hidden-deck fail-to-find allowance, and shuffle",True,,sequence,Imitation-Learning/ptcg_engine/ptcgProgram 22/CardImpl.h:12587
42,Applin,card:42:attack:1,attack,ordinary_field,False,delegated to an ordinary printed/card field,True,,sequence,Imitation-Learning/ptcg_engine/ptcgProgram 22/CardImpl.h:12591
431,Team Rocket's Mewtwo ex,card:431:ability:0,ability,override_dynamic,True,the current ability vector is all zero and omits the four-Pokémon attack gate,True,pokemon_02_team_rockets_mewtwo_power_saver,conditional,Imitation-Learning/ptcg_engine/ptcgProgram 22/CardImpl.h:5267
431,Team Rocket's Mewtwo ex,card:431:attack:0,attack,override_dynamic,True,"damage=160/discard_energy=2 omits the optional 0-to-2 selection, Bench-only source, and +60 per actual discard",True,pokemon_02_team_rockets_mewtwo_erasure_ball,sequence,Imitation-Learning/ptcg_engine/ptcgProgram 22/CardImpl.h:5271
432,Team Rocket's Wobbuffet,card:432:attack:0,attack,override_dynamic,True,"the all-zero attack vector omits all-counter transfer, constrained source selection, opponent-Active target, and conserved moved count",True,pokemon_04_team_rockets_wobbuffet_rocket_mirror,sequence,Imitation-Learning/ptcg_engine/ptcgProgram 22/CardImpl.h:5284
432,Team Rocket's Wobbuffet,card:432:attack:1,attack,ordinary_field,False,delegated to an ordinary printed/card field,True,,sequence,Imitation-Learning/ptcg_engine/ptcgProgram 22/CardImpl.h:5290
434,Team Rocket's Mimikyu,card:434:attack:0,attack,override_dynamic,True,reviewed damage zero drops the entire copied-attack program,True,pokemon_02_team_rockets_mimikyu_gemstone_mimicry,sequence,Imitation-Learning/ptcg_engine/ptcgProgram 22/CardImpl.h:5311
463,Team Rocket's Murkrow,card:463:attack:0,attack,override_static,True,"search=1 omits the Supporter filter, reveal, hidden-deck fail-to-find allowance, and shuffle",True,,sequence,Imitation-Learning/ptcg_engine/ptcgProgram 22/CardImpl.h:5668
463,Team Rocket's Murkrow,card:463:attack:1,attack,override_static,True,cooldown=1 does not identify the attacker-selected opposing attack or the defending-Pokémon/opponent-next-turn boundary,True,,sequence,Imitation-Learning/ptcg_engine/ptcgProgram 22/CardImpl.h:5672
473,Team Rocket's Porygon,card:473:attack:0,attack,override_static,True,the all-zero attack vector omits the own-hand discard gate and subsequent opponent-selected discard from their hand,True,,sequence,Imitation-Learning/ptcg_engine/ptcgProgram 22/CardImpl.h:5796
474,Team Rocket's Porygon2,card:474:attack:0,attack,override_dynamic,True,reviewed damage 20 omits the exact Supporter/name/discard filters and count multiplier,True,pokemon_05_team_rocket_porygon2_r_command,sequence,Imitation-Learning/ptcg_engine/ptcgProgram 22/CardImpl.h:5810
506,Cubchoo,card:506:attack:0,attack,generic_exact,False,current generic representation is exact,True,,sequence,Imitation-Learning/ptcg_engine/ptcgProgram 22/CardImpl.h:6149
57,Relicanth,card:57:ability:0,ability,override_dynamic,True,the all-zero ability vector omits previous-Evolution attack inheritance and retained Energy-cost requirements,True,pokemon_04_relicanth_memory_dive,sequence,Imitation-Learning/ptcg_engine/ptcgProgram 22/CardImpl.h:440
57,Relicanth,card:57:attack:0,attack,ordinary_field,False,delegated to an ordinary printed/card field,True,,sequence,Imitation-Learning/ptcg_engine/ptcgProgram 22/CardImpl.h:443
58,Great Tusk,card:58:attack:0,attack,override_dynamic,True,deckout=1 omits the Ancient-Supporter history gate and exact 1-versus-4 discard count,True,pokemon_04_great_tusk_land_collapse,sequence,Imitation-Learning/ptcg_engine/ptcgProgram 22/CardImpl.h:451
58,Great Tusk,card:58:attack:1,attack,ordinary_field,False,delegated to an ordinary printed/card field,True,,sequence,Imitation-Learning/ptcg_engine/ptcgProgram 22/CardImpl.h:456
597,Frillish,card:597:attack:0,attack,generic_exact,False,current generic representation is exact,True,,sequence,Imitation-Learning/ptcg_engine/ptcgProgram 22/CardImpl.h:7185
607,Terrakion,card:607:attack:0,attack,override_dynamic,True,revenge=1 does not preserve exact 50/130 branches or the attack-damage/opponent-last-turn trigger boundary,True,pokemon_04_terrakion_retaliate,conditional,Imitation-Learning/ptcg_engine/ptcgProgram 22/CardImpl.h:7294
607,Terrakion,card:607:attack:1,attack,ordinary_field,False,delegated to an ordinary printed/card field,True,,sequence,Imitation-Learning/ptcg_engine/ptcgProgram 22/CardImpl.h:7299
63,Raging Bolt ex,card:63:attack:0,attack,override_static,True,draws_cards=6 omits discarding the entire current hand before drawing six,True,,sequence,Imitation-Learning/ptcg_engine/ptcgProgram 22/CardImpl.h:504
63,Raging Bolt ex,card:63:attack:1,attack,override_dynamic,True,reviewed damage 70 and discard_energy=1 omit the optional any-count discard across all own Pokémon and exact 70 multiplier,True,pokemon_05_raging_bolt_bellowing_thunder,sequence,Imitation-Learning/ptcg_engine/ptcgProgram 22/CardImpl.h:510
646,Marnie's Impidimp,card:646:attack:0,attack,generic_exact,False,current generic representation is exact,True,,sequence,Imitation-Learning/ptcg_engine/ptcgProgram 22/CardImpl.h:7741
646,Marnie's Impidimp,card:646:attack:1,attack,ordinary_field,False,delegated to an ordinary printed/card field,True,,sequence,Imitation-Learning/ptcg_engine/ptcgProgram 22/CardImpl.h:7745
647,Marnie's Morgrem,card:647:attack:0,attack,ordinary_field,False,delegated to an ordinary printed/card field,True,,sequence,Imitation-Learning/ptcg_engine/ptcgProgram 22/CardImpl.h:7754
648,Marnie's Grimmsnarl ex,card:648:ability:0,ability,override_static,True,energy_active=5 and energy_bench=5 can imply separate caps; engine/card text impose one shared total of five,True,,sequence,Imitation-Learning/ptcg_engine/ptcgProgram 22/CardImpl.h:7763
648,Marnie's Grimmsnarl ex,card:648:attack:0,attack,generic_exact,False,current generic representation is exact,True,,sequence,Imitation-Learning/ptcg_engine/ptcgProgram 22/CardImpl.h:7768
649,Marnie's Morpeko,card:649:attack:0,attack,override_dynamic,True,reviewed damage 20 omits the +40 multiplier for each attached Darkness Energy unit,True,pokemon_04_marnies_morpeko_spiky_wheel,sequence,Imitation-Learning/ptcg_engine/ptcgProgram 22/CardImpl.h:7777
655,Celebi,card:655:attack:0,attack,override_static,True,"search=3 omits the combined up-to-three cap, any mixture of Grass Pokémon and Stadiums, reveal, and shuffle",True,,sequence,Imitation-Learning/ptcg_engine/ptcgProgram 22/CardImpl.h:7837
655,Celebi,card:655:attack:1,attack,ordinary_field,False,delegated to an ordinary printed/card field,True,,sequence,Imitation-Learning/ptcg_engine/ptcgProgram 22/CardImpl.h:7841
65,Dunsparce,card:65:attack:0,attack,ordinary_field,False,delegated to an ordinary printed/card field,True,,sequence,Imitation-Learning/ptcg_engine/ptcgProgram 22/CardImpl.h:519
65,Dunsparce,card:65:attack:1,attack,override_static,True,immunity/probabilistic tags do not preserve that heads prevents both attack damage and effects only during the opponent's next turn,True,,sequence,Imitation-Learning/ptcg_engine/ptcgProgram 22/CardImpl.h:521
666,Cinderace,card:666:ability:0,ability,override_static,True,the all-zero ability vector omits the setup-only hand-to-Active rule,True,,sequence,Imitation-Learning/ptcg_engine/ptcgProgram 22/CardImpl.h:7959
666,Cinderace,card:666:attack:0,attack,override_static,True,"energy_accel=3 omits deck source, Basic-Energy filter, Bench-only targets, arbitrary distribution, up-to choice, and shuffle",True,,sequence,Imitation-Learning/ptcg_engine/ptcgProgram 22/CardImpl.h:7962
66,Dudunsparce,card:66:ability:0,ability,override_static,True,draw=3 omits conditional self-plus-attachments return and shuffle,True,,sequence,Imitation-Learning/ptcg_engine/ptcgProgram 22/CardImpl.h:532
66,Dudunsparce,card:66:attack:0,attack,ordinary_field,False,delegated to an ordinary printed/card field,True,,sequence,Imitation-Learning/ptcg_engine/ptcgProgram 22/CardImpl.h:538
673,Makuhita,card:673:attack:0,attack,ordinary_field,False,delegated to an ordinary printed/card field,True,,sequence,Imitation-Learning/ptcg_engine/ptcgProgram 22/CardImpl.h:8027
673,Makuhita,card:673:attack:1,attack,ordinary_field,False,delegated to an ordinary printed/card field,True,,sequence,Imitation-Learning/ptcg_engine/ptcgProgram 22/CardImpl.h:8029
674,Hariyama,card:674:ability:0,ability,override_static,True,switch=1 omits the play-from-hand evolution trigger and opponent-Bench gust target,True,,sequence,Imitation-Learning/ptcg_engine/ptcgProgram 22/CardImpl.h:8037
674,Hariyama,card:674:attack:0,attack,generic_exact,False,current generic representation is exact,True,,sequence,Imitation-Learning/ptcg_engine/ptcgProgram 22/CardImpl.h:8040
675,Lunatone,card:675:ability:0,ability,override_static,True,"draw=3 omits the Solrock requirement, Basic Fighting discard cost, and same-name once-per-turn limit",True,,sequence,Imitation-Learning/ptcg_engine/ptcgProgram 22/CardImpl.h:8048
675,Lunatone,card:675:attack:0,attack,ordinary_field,False,delegated to an ordinary printed/card field,True,,sequence,Imitation-Learning/ptcg_engine/ptcgProgram 22/CardImpl.h:8054
676,Solrock,card:676:attack:0,attack,override_dynamic,True,reviewed damage 70 omits the Lunatone-on-Bench failure gate and Weakness/Resistance bypass,True,pokemon_04_solrock_cosmic_beam,conditional,Imitation-Learning/ptcg_engine/ptcgProgram 22/CardImpl.h:8061
677,Riolu,card:677:attack:0,attack,generic_exact,False,current generic representation is exact,True,,sequence,Imitation-Learning/ptcg_engine/ptcgProgram 22/CardImpl.h:8071
678,Mega Lucario ex,card:678:attack:0,attack,override_static,True,"energy_accel=3 loses discard source, Basic Fighting filter, Bench-only targets, up-to choice, shared cap, and arbitrary distribution",True,,sequence,Imitation-Learning/ptcg_engine/ptcgProgram 22/CardImpl.h:8080
678,Mega Lucario ex,card:678:attack:1,attack,generic_exact,False,current generic representation is exact,True,,sequence,Imitation-Learning/ptcg_engine/ptcgProgram 22/CardImpl.h:8085
689,Yveltal,card:689:attack:0,attack,generic_exact,False,current generic representation is exact,True,,sequence,Imitation-Learning/ptcg_engine/ptcgProgram 22/CardImpl.h:8194
689,Yveltal,card:689:attack:1,attack,ordinary_field,False,delegated to an ordinary printed/card field,True,,sequence,Imitation-Learning/ptcg_engine/ptcgProgram 22/CardImpl.h:8197
709,Bayleef,card:709:attack:0,attack,generic_exact,False,current generic representation is exact,True,,sequence,Imitation-Learning/ptcg_engine/ptcgProgram 22/CardImpl.h:8419
710,Meganium,card:710:ability:0,ability,override_dynamic,True,the all-zero ability vector omits doubling Basic Grass Energy provision across all own Pokémon and the nonstacking rule,True,pokemon_06_meganium_wild_growth,sequence,Imitation-Learning/ptcg_engine/ptcgProgram 22/CardImpl.h:8429
710,Meganium,card:710:attack:0,attack,ordinary_field,False,delegated to an ordinary printed/card field,True,,sequence,Imitation-Learning/ptcg_engine/ptcgProgram 22/CardImpl.h:8432
73,Rellor,card:73:attack:0,attack,generic_exact,False,current generic representation is exact,True,,sequence,Imitation-Learning/ptcg_engine/ptcgProgram 22/CardImpl.h:590
741,Abra,card:741:attack:0,attack,override_static,True,old attack tags omit the switch,True,,sequence,Imitation-Learning/ptcg_engine/ptcgProgram 22/CardImpl.h:8752
742,Kadabra,card:742:ability:0,ability,override_static,True,draw=2 omits the from-hand evolution trigger,True,,sequence,Imitation-Learning/ptcg_engine/ptcgProgram 22/CardImpl.h:8763
742,Kadabra,card:742:attack:0,attack,ordinary_field,False,delegated to an ordinary printed/card field,True,,sequence,Imitation-Learning/ptcg_engine/ptcgProgram 22/CardImpl.h:8766
743,Alakazam,card:743:ability:0,ability,override_static,True,draw=3 omits the from-hand evolution trigger,True,,sequence,Imitation-Learning/ptcg_engine/ptcgProgram 22/CardImpl.h:8775
743,Alakazam,card:743:attack:0,attack,override_dynamic,True,override and reviewed maximum zero out an exact hand-scaled counter attack,True,pokemon_01_alakazam_powerful_hand,sequence,Imitation-Learning/ptcg_engine/ptcgProgram 22/CardImpl.h:8778
745,Ralts,card:745:attack:0,attack,generic_exact,False,current generic representation is exact,True,,sequence,Imitation-Learning/ptcg_engine/ptcgProgram 22/CardImpl.h:8797
745,Ralts,card:745:attack:1,attack,ordinary_field,False,delegated to an ordinary printed/card field,True,,sequence,Imitation-Learning/ptcg_engine/ptcgProgram 22/CardImpl.h:8801
746,Kirlia,card:746:attack:0,attack,override_static,True,"search=3 omits the Pokémon-card filter, up-to choice, reveal, and shuffle",True,,sequence,Imitation-Learning/ptcg_engine/ptcgProgram 22/CardImpl.h:8810
746,Kirlia,card:746:attack:1,attack,ordinary_field,False,delegated to an ordinary printed/card field,True,,sequence,Imitation-Learning/ptcg_engine/ptcgProgram 22/CardImpl.h:8814
747,Mega Gardevoir ex,card:747:attack:0,attack,override_static,True,"energy_accel=1 loses the per-Benched-Pokémon repetition, deck source, Basic Psychic filter, per-target cap, and final shuffle",True,,sequence,Imitation-Learning/ptcg_engine/ptcgProgram 22/CardImpl.h:8823
747,Mega Gardevoir ex,card:747:attack:1,attack,override_dynamic,True,reviewed damage 50 omits the multiplier across Psychic Energy on every own Pokémon,True,pokemon_05_mega_gardevoir_mega_symphonia,sequence,Imitation-Learning/ptcg_engine/ptcgProgram 22/CardImpl.h:8830
74,Rabsca,card:74:ability:0,ability,override_static,True,barrier=1 loses all-own-Bench scope and the distinction that both attack damage and effects are prevented,True,,sequence,Imitation-Learning/ptcg_engine/ptcgProgram 22/CardImpl.h:599
74,Rabsca,card:74:attack:0,attack,override_dynamic,True,reviewed damage 10 omits the +30 multiplier for every Energy unit attached to the opponent's Active Pokémon,True,pokemon_04_rabsca_psychic,sequence,Imitation-Learning/ptcg_engine/ptcgProgram 22/CardImpl.h:602
756,Mega Kangaskhan ex,card:756:ability:0,ability,override_static,True,draw=2 omits Active-only and same-name usage boundaries,True,,sequence,Imitation-Learning/ptcg_engine/ptcgProgram 22/CardImpl.h:8941
756,Mega Kangaskhan ex,card:756:attack:0,attack,override_dynamic,True,reviewed maximum 200 omits all heads bonuses,True,pokemon_01_mega_kangaskhan_coin_until_tails,repeat,Imitation-Learning/ptcg_engine/ptcgProgram 22/CardImpl.h:8945
791,Moltres,card:791:attack:0,attack,override_dynamic,True,reviewed damage 20 omits the +90 Pokémon-ex branch,True,pokemon_03_moltres_fighting_wings,conditional,Imitation-Learning/ptcg_engine/ptcgProgram 22/CardImpl.h:9315
817,Bramblin,card:817:attack:0,attack,override_static,True,counter_snipe=10 loses exact one-counter units and Active-or-Bench opponent targeting,True,,sequence,Imitation-Learning/ptcg_engine/ptcgProgram 22/CardImpl.h:9600
818,Brambleghast,card:818:ability:0,ability,override_static,True,the all-zero ability vector omits the from-hand evolution trigger and Confusion of the opponent's Active Pokémon,True,,sequence,Imitation-Learning/ptcg_engine/ptcgProgram 22/CardImpl.h:9610
818,Brambleghast,card:818:attack:0,attack,ordinary_field,False,delegated to an ordinary printed/card field,True,,sequence,Imitation-Learning/ptcg_engine/ptcgProgram 22/CardImpl.h:9613
827,Carvanha,card:827:attack:0,attack,generic_exact,False,current generic representation is exact,True,,sequence,Imitation-Learning/ptcg_engine/ptcgProgram 22/CardImpl.h:9702
828,Mega Sharpedo ex,card:828:attack:0,attack,generic_exact,False,current generic representation is exact,True,,sequence,Imitation-Learning/ptcg_engine/ptcgProgram 22/CardImpl.h:9711
828,Mega Sharpedo ex,card:828:attack:1,attack,override_dynamic,True,reviewed damage 120 omits the +150 branch whenever the attacker is damaged,True,pokemon_06_mega_sharpedo_hungry_jaws,conditional,Imitation-Learning/ptcg_engine/ptcgProgram 22/CardImpl.h:9715
829,Seviper,card:829:ability:0,ability,override_dynamic,True,the all-zero ability vector omits the exact Darkness Mega Evolution Pokémon ex board gate and +120 Active-only damage modifier,True,pokemon_06_seviper_excited_power,conditional,Imitation-Learning/ptcg_engine/ptcgProgram 22/CardImpl.h:9725
829,Seviper,card:829:attack:0,attack,ordinary_field,False,delegated to an ordinary printed/card field,True,,sequence,Imitation-Learning/ptcg_engine/ptcgProgram 22/CardImpl.h:9729
833,Toxel,card:833:attack:0,attack,override_static,True,"bench_search=2 omits the Basic-Pokémon filter, up-to choice, open-Bench-slot cap, direct deck-to-Bench move, and shuffle",True,,sequence,Imitation-Learning/ptcg_engine/ptcgProgram 22/CardImpl.h:9768
833,Toxel,card:833:attack:1,attack,ordinary_field,False,delegated to an ordinary printed/card field,True,,sequence,Imitation-Learning/ptcg_engine/ptcgProgram 22/CardImpl.h:9772
834,Toxtricity,card:834:ability:0,ability,override_static,True,"energy_bench=1/recoil=20 lose deck source, Basic Darkness filter, Darkness Bench target, shuffle, same-target coupling, exact two counters, and once-per-turn limit",True,,sequence,Imitation-Learning/ptcg_engine/ptcgProgram 22/CardImpl.h:9780
834,Toxtricity,card:834:attack:0,attack,ordinary_field,False,delegated to an ordinary printed/card field,True,,sequence,Imitation-Learning/ptcg_engine/ptcgProgram 22/CardImpl.h:9789
848,Buneary,card:848:attack:0,attack,override_static,True,old tags omit the mandatory self-to-Bench switch,True,,sequence,Imitation-Learning/ptcg_engine/ptcgProgram 22/CardImpl.h:9943
848,Buneary,card:848:attack:1,attack,ordinary_field,False,delegated to an ordinary printed/card field,True,,sequence,Imitation-Learning/ptcg_engine/ptcgProgram 22/CardImpl.h:9947
849,Mega Lopunny ex,card:849:attack:0,attack,override_dynamic,True,conditional=1 plus max 230 does not expose the exact 60/230 live branch or required movement history,True,pokemon_03_mega_lopunny_gale_thrust,conditional,Imitation-Learning/ptcg_engine/ptcgProgram 22/CardImpl.h:9955
849,Mega Lopunny ex,card:849:attack:1,attack,override_static,True,old tags omit defender-effect bypass while Weakness and Resistance still apply,True,,sequence,Imitation-Learning/ptcg_engine/ptcgProgram 22/CardImpl.h:9960
860,Snorunt,card:860:attack:0,attack,ordinary_field,False,delegated to an ordinary printed/card field,True,,sequence,Imitation-Learning/ptcg_engine/ptcgProgram 22/CardImpl.h:10527
861,Mega Froslass ex,card:861:attack:0,attack,override_dynamic,True,reviewed damage 50 omits multiplication by the opponent's public hand count,True,pokemon_02_mega_froslass_resentful_refrain,sequence,Imitation-Learning/ptcg_engine/ptcgProgram 22/CardImpl.h:10535
861,Mega Froslass ex,card:861:attack:1,attack,override_static,True,old tags omit the guaranteed Asleep condition,True,,sequence,Imitation-Learning/ptcg_engine/ptcgProgram 22/CardImpl.h:10538
891,Team Rocket's Honchkrow,card:891:attack:0,attack,override_dynamic,True,reviewed damage 60 omits the optional any-count Team Rocket Supporter discard and exact multiplier,True,pokemon_05_team_rocket_honchkrow_rocket_feathers,sequence,Imitation-Learning/ptcg_engine/ptcgProgram 22/CardImpl.h:10896
891,Team Rocket's Honchkrow,card:891:attack:1,attack,ordinary_field,False,delegated to an ordinary printed/card field,True,,sequence,Imitation-Learning/ptcg_engine/ptcgProgram 22/CardImpl.h:10900
89,Grookey,card:89:attack:0,attack,ordinary_field,False,delegated to an ordinary printed/card field,True,,sequence,Imitation-Learning/ptcg_engine/ptcgProgram 22/CardImpl.h:756
89,Grookey,card:89:attack:1,attack,ordinary_field,False,delegated to an ordinary printed/card field,True,,sequence,Imitation-Learning/ptcg_engine/ptcgProgram 22/CardImpl.h:758
906,N's Zekrom,card:906:attack:0,attack,override_static,True,old tags omit defender-effect bypass while Weakness and Resistance still apply,True,,sequence,Imitation-Learning/ptcg_engine/ptcgProgram 22/CardImpl.h:11056
906,N's Zekrom,card:906:attack:1,attack,generic_exact,False,current generic representation is exact,True,,sequence,Imitation-Learning/ptcg_engine/ptcgProgram 22/CardImpl.h:11059
90,Thwackey,card:90:ability:0,ability,override_static,True,"search=1 loses the Active Festival Lead requirement, unrestricted-card result, once-per-turn limit, destination, and shuffle",True,,sequence,Imitation-Learning/ptcg_engine/ptcgProgram 22/CardImpl.h:766
90,Thwackey,card:90:attack:0,attack,ordinary_field,False,delegated to an ordinary printed/card field,True,,sequence,Imitation-Learning/ptcg_engine/ptcgProgram 22/CardImpl.h:770
917,Chikorita,card:917:attack:0,attack,override_static,True,the all-zero attack vector omits the -20 outgoing damage modifier on the Defending Pokémon during the opponent's next turn,True,,sequence,Imitation-Learning/ptcg_engine/ptcgProgram 22/CardImpl.h:11170
917,Chikorita,card:917:attack:1,attack,ordinary_field,False,delegated to an ordinary printed/card field,True,,sequence,Imitation-Learning/ptcg_engine/ptcgProgram 22/CardImpl.h:11173
920,Tapu Bulu,card:920:attack:0,attack,generic_exact,False,current generic representation is exact,True,,sequence,Imitation-Learning/ptcg_engine/ptcgProgram 22/CardImpl.h:13159
92,Applin,card:92:attack:0,attack,override_dynamic,True,probabilistic=1 omits exact 10/30 outcomes and their equal probabilities,True,pokemon_03_applin_tumbling_attack,conditional,Imitation-Learning/ptcg_engine/ptcgProgram 22/CardImpl.h:12693
93,Dipplin,card:93:ability:0,ability,override_dynamic,True,"the all-zero ability vector omits the Festival Grounds gate, two-attack allowance, and post-KO replacement continuation",True,pokemon_03_dipplin_festival_lead,conditional,Imitation-Learning/ptcg_engine/ptcgProgram 22/CardImpl.h:791
93,Dipplin,card:93:attack:0,attack,override_dynamic,True,reviewed damage 20 omits multiplication by the 0-to-5 occupied Bench count,True,pokemon_03_dipplin_do_the_wave,sequence,Imitation-Learning/ptcg_engine/ptcgProgram 22/CardImpl.h:794
959,Togepi,card:959:attack:0,attack,ordinary_field,False,delegated to an ordinary printed/card field,True,,sequence,Imitation-Learning/ptcg_engine/ptcgProgram 22/CardImpl.h:13386
96,Teal Mask Ogerpon ex,card:96:ability:0,ability,override_static,True,"energy_accel=1/draw=1 omit the Basic Grass hand source, self-only target, optional activation, once-per-turn limit, and draw-only-if-attached gate",True,,sequence,Imitation-Learning/ptcg_engine/ptcgProgram 22/CardImpl.h:828
96,Teal Mask Ogerpon ex,card:96:attack:0,attack,override_dynamic,True,reviewed damage 30 omits the +30 multiplier for Energy attached to both Active Pokémon,True,pokemon_05_teal_mask_ogerpon_myriad_leaf_shower,sequence,Imitation-Learning/ptcg_engine/ptcgProgram 22/CardImpl.h:833
96,Teal Mask Ogerpon ex,card:96:tera:0,tera,override_static,True,the current attack/ability tags omit the Tera Bench-only prevention of attack damage from either player's attacks,False,,sequence,Imitation-Learning/ptcg_engine/ptcgProgram 22/CardImpl.h:827
970,Fezandipiti,card:970:ability:0,ability,override_dynamic,True,"immunity=1/probabilistic=1 lose the Darkness gate, attack-damage-only trigger, fair coin, and damage-only prevention boundary",True,pokemon_06_fezandipiti_adrena_pheromone,conditional,Imitation-Learning/ptcg_engine/ptcgProgram 22/CardImpl.h:13461
970,Fezandipiti,card:970:attack:0,attack,override_dynamic,True,reviewed damage 30 omits multiplication by every Energy unit attached to the attacker,True,pokemon_06_fezandipiti_energy_feather,sequence,Imitation-Learning/ptcg_engine/ptcgProgram 22/CardImpl.h:13465
