card_id,card_name,card_class,subtype,metadata_resolved,dataset_dates,source_archives,games_with_card,decks_with_card,total_copies,min_copies_in_containing_deck,max_copies_in_containing_deck,first_dataset_date,last_dataset_date,per_date
1,Basic {G} Energy,energy,Basic Energy,True,"[""2026-07-12""]","[""Imitation-Learning/Top-ladder-data/7-12/pokemon-tcg-ai-battle-episodes-2026-07-12.zip""]",2730,3173,7983,1,9,2026-07-12,2026-07-12,"{""2026-07-12"":{""decks_with_card"":3173,""games_with_card"":2730,""total_copies"":7983}}"
2,Basic {R} Energy,energy,Basic Energy,True,"[""2026-07-12""]","[""Imitation-Learning/Top-ladder-data/7-12/pokemon-tcg-ai-battle-episodes-2026-07-12.zip""]",589,600,2247,3,4,2026-07-12,2026-07-12,"{""2026-07-12"":{""decks_with_card"":600,""games_with_card"":589,""total_copies"":2247}}"
3,Basic {W} Energy,energy,Basic Energy,True,"[""2026-07-12""]","[""Imitation-Learning/Top-ladder-data/7-12/pokemon-tcg-ai-battle-episodes-2026-07-12.zip""]",1203,1274,5593,1,12,2026-07-12,2026-07-12,"{""2026-07-12"":{""decks_with_card"":1274,""games_with_card"":1203,""total_copies"":5593}}"
4,Basic {L} Energy,energy,Basic Energy,True,"[""2026-07-12""]","[""Imitation-Learning/Top-ladder-data/7-12/pokemon-tcg-ai-battle-episodes-2026-07-12.zip""]",6,6,12,2,2,2026-07-12,2026-07-12,"{""2026-07-12"":{""decks_with_card"":6,""games_with_card"":6,""total_copies"":12}}"
5,Basic {P} Energy,energy,Basic Energy,True,"[""2026-07-12""]","[""Imitation-Learning/Top-ladder-data/7-12/pokemon-tcg-ai-battle-episodes-2026-07-12.zip""]",3498,4362,11482,2,8,2026-07-12,2026-07-12,"{""2026-07-12"":{""decks_with_card"":4362,""games_with_card"":3498,""total_copies"":11482}}"
6,Basic {F} Energy,energy,Basic Energy,True,"[""2026-07-12""]","[""Imitation-Learning/Top-ladder-data/7-12/pokemon-tcg-ai-battle-episodes-2026-07-12.zip""]",1075,1139,4185,1,14,2026-07-12,2026-07-12,"{""2026-07-12"":{""decks_with_card"":1139,""games_with_card"":1075,""total_copies"":4185}}"
7,Basic {D} Energy,energy,Basic Energy,True,"[""2026-07-12""]","[""Imitation-Learning/Top-ladder-data/7-12/pokemon-tcg-ai-battle-episodes-2026-07-12.zip""]",1841,2057,12702,2,15,2026-07-12,2026-07-12,"{""2026-07-12"":{""decks_with_card"":2057,""games_with_card"":1841,""total_copies"":12702}}"
8,Basic {M} Energy,energy,Basic Energy,True,"[""2026-07-12""]","[""Imitation-Learning/Top-ladder-data/7-12/pokemon-tcg-ai-battle-episodes-2026-07-12.zip""]",115,117,1494,11,14,2026-07-12,2026-07-12,"{""2026-07-12"":{""decks_with_card"":117,""games_with_card"":115,""total_copies"":1494}}"
11,Mist Energy,energy,Special Energy,True,"[""2026-07-12""]","[""Imitation-Learning/Top-ladder-data/7-12/pokemon-tcg-ai-battle-episodes-2026-07-12.zip""]",2216,2430,9717,3,4,2026-07-12,2026-07-12,"{""2026-07-12"":{""decks_with_card"":2430,""games_with_card"":2216,""total_copies"":9717}}"
12,Legacy Energy,energy,Special Energy,True,"[""2026-07-12""]","[""Imitation-Learning/Top-ladder-data/7-12/pokemon-tcg-ai-battle-episodes-2026-07-12.zip""]",8,8,8,1,1,2026-07-12,2026-07-12,"{""2026-07-12"":{""decks_with_card"":8,""games_with_card"":8,""total_copies"":8}}"
13,Enriching Energy,energy,Special Energy,True,"[""2026-07-12""]","[""Imitation-Learning/Top-ladder-data/7-12/pokemon-tcg-ai-battle-episodes-2026-07-12.zip""]",2863,3360,3360,1,1,2026-07-12,2026-07-12,"{""2026-07-12"":{""decks_with_card"":3360,""games_with_card"":2863,""total_copies"":3360}}"
14,Spiky Energy,energy,Special Energy,True,"[""2026-07-12""]","[""Imitation-Learning/Top-ladder-data/7-12/pokemon-tcg-ai-battle-episodes-2026-07-12.zip""]",2109,2298,9186,3,4,2026-07-12,2026-07-12,"{""2026-07-12"":{""decks_with_card"":2298,""games_with_card"":2109,""total_copies"":9186}}"
15,Team Rocket's Energy,energy,Special Energy,True,"[""2026-07-12""]","[""Imitation-Learning/Top-ladder-data/7-12/pokemon-tcg-ai-battle-episodes-2026-07-12.zip""]",457,457,1828,4,4,2026-07-12,2026-07-12,"{""2026-07-12"":{""decks_with_card"":457,""games_with_card"":457,""total_copies"":1828}}"
16,Prism Energy,energy,Special Energy,True,"[""2026-07-12""]","[""Imitation-Learning/Top-ladder-data/7-12/pokemon-tcg-ai-battle-episodes-2026-07-12.zip""]",488,501,1901,1,4,2026-07-12,2026-07-12,"{""2026-07-12"":{""decks_with_card"":501,""games_with_card"":488,""total_copies"":1901}}"
17,Ignition Energy,energy,Special Energy,True,"[""2026-07-12""]","[""Imitation-Learning/Top-ladder-data/7-12/pokemon-tcg-ai-battle-episodes-2026-07-12.zip""]",303,304,1216,4,4,2026-07-12,2026-07-12,"{""2026-07-12"":{""decks_with_card"":304,""games_with_card"":303,""total_copies"":1216}}"
18,Grow Grass Energy,energy,Special Energy,True,"[""2026-07-12""]","[""Imitation-Learning/Top-ladder-data/7-12/pokemon-tcg-ai-battle-episodes-2026-07-12.zip""]",2454,2741,9999,1,4,2026-07-12,2026-07-12,"{""2026-07-12"":{""decks_with_card"":2741,""games_with_card"":2454,""total_copies"":9999}}"
19,Telepath Psychic Energy,energy,Special Energy,True,"[""2026-07-12""]","[""Imitation-Learning/Top-ladder-data/7-12/pokemon-tcg-ai-battle-episodes-2026-07-12.zip""]",3197,3854,15416,4,4,2026-07-12,2026-07-12,"{""2026-07-12"":{""decks_with_card"":3854,""games_with_card"":3197,""total_copies"":15416}}"
20,Rock Fighting Energy,energy,Special Energy,True,"[""2026-07-12""]","[""Imitation-Learning/Top-ladder-data/7-12/pokemon-tcg-ai-battle-episodes-2026-07-12.zip""]",763,797,3058,1,4,2026-07-12,2026-07-12,"{""2026-07-12"":{""decks_with_card"":797,""games_with_card"":763,""total_copies"":3058}}"
31,Chi-Yu,pokemon,Basic Pokémon,True,"[""2026-07-12""]","[""Imitation-Learning/Top-ladder-data/7-12/pokemon-tcg-ai-battle-episodes-2026-07-12.zip""]",5,5,5,1,1,2026-07-12,2026-07-12,"{""2026-07-12"":{""decks_with_card"":5,""games_with_card"":5,""total_copies"":5}}"
42,Applin,pokemon,Basic Pokémon,True,"[""2026-07-12""]","[""Imitation-Learning/Top-ladder-data/7-12/pokemon-tcg-ai-battle-episodes-2026-07-12.zip""]",1,1,2,2,2,2026-07-12,2026-07-12,"{""2026-07-12"":{""decks_with_card"":1,""games_with_card"":1,""total_copies"":2}}"
57,Relicanth,pokemon,Basic Pokémon,True,"[""2026-07-12""]","[""Imitation-Learning/Top-ladder-data/7-12/pokemon-tcg-ai-battle-episodes-2026-07-12.zip""]",100,101,185,1,2,2026-07-12,2026-07-12,"{""2026-07-12"":{""decks_with_card"":101,""games_with_card"":100,""total_copies"":185}}"
58,Great Tusk,pokemon,Basic Pokémon,True,"[""2026-07-12""]","[""Imitation-Learning/Top-ladder-data/7-12/pokemon-tcg-ai-battle-episodes-2026-07-12.zip""]",122,122,398,1,4,2026-07-12,2026-07-12,"{""2026-07-12"":{""decks_with_card"":122,""games_with_card"":122,""total_copies"":398}}"
63,Raging Bolt ex,pokemon,Basic Pokémon,True,"[""2026-07-12""]","[""Imitation-Learning/Top-ladder-data/7-12/pokemon-tcg-ai-battle-episodes-2026-07-12.zip""]",6,6,12,2,2,2026-07-12,2026-07-12,"{""2026-07-12"":{""decks_with_card"":6,""games_with_card"":6,""total_copies"":12}}"
65,Dunsparce,pokemon,Basic Pokémon,True,"[""2026-07-12""]","[""Imitation-Learning/Top-ladder-data/7-12/pokemon-tcg-ai-battle-episodes-2026-07-12.zip""]",235,238,595,1,4,2026-07-12,2026-07-12,"{""2026-07-12"":{""decks_with_card"":238,""games_with_card"":235,""total_copies"":595}}"
66,Dudunsparce,pokemon,Stage 1 Pokémon,True,"[""2026-07-12""]","[""Imitation-Learning/Top-ladder-data/7-12/pokemon-tcg-ai-battle-episodes-2026-07-12.zip""]",3548,4457,10244,1,4,2026-07-12,2026-07-12,"{""2026-07-12"":{""decks_with_card"":4457,""games_with_card"":3548,""total_copies"":10244}}"
89,Grookey,pokemon,Basic Pokémon,True,"[""2026-07-12""]","[""Imitation-Learning/Top-ladder-data/7-12/pokemon-tcg-ai-battle-episodes-2026-07-12.zip""]",1,1,4,4,4,2026-07-12,2026-07-12,"{""2026-07-12"":{""decks_with_card"":1,""games_with_card"":1,""total_copies"":4}}"
90,Thwackey,pokemon,Stage 1 Pokémon,True,"[""2026-07-12""]","[""Imitation-Learning/Top-ladder-data/7-12/pokemon-tcg-ai-battle-episodes-2026-07-12.zip""]",1,1,4,4,4,2026-07-12,2026-07-12,"{""2026-07-12"":{""decks_with_card"":1,""games_with_card"":1,""total_copies"":4}}"
92,Applin,pokemon,Basic Pokémon,True,"[""2026-07-12""]","[""Imitation-Learning/Top-ladder-data/7-12/pokemon-tcg-ai-battle-episodes-2026-07-12.zip""]",1,1,2,2,2,2026-07-12,2026-07-12,"{""2026-07-12"":{""decks_with_card"":1,""games_with_card"":1,""total_copies"":2}}"
93,Dipplin,pokemon,Stage 1 Pokémon,True,"[""2026-07-12""]","[""Imitation-Learning/Top-ladder-data/7-12/pokemon-tcg-ai-battle-episodes-2026-07-12.zip""]",1,1,4,4,4,2026-07-12,2026-07-12,"{""2026-07-12"":{""decks_with_card"":1,""games_with_card"":1,""total_copies"":4}}"
96,Teal Mask Ogerpon ex,pokemon,Basic Pokémon,True,"[""2026-07-12""]","[""Imitation-Learning/Top-ladder-data/7-12/pokemon-tcg-ai-battle-episodes-2026-07-12.zip""]",6,6,18,3,3,2026-07-12,2026-07-12,"{""2026-07-12"":{""decks_with_card"":6,""games_with_card"":6,""total_copies"":18}}"
104,Froslass,pokemon,Stage 1 Pokémon,True,"[""2026-07-12""]","[""Imitation-Learning/Top-ladder-data/7-12/pokemon-tcg-ai-battle-episodes-2026-07-12.zip""]",449,455,910,2,2,2026-07-12,2026-07-12,"{""2026-07-12"":{""decks_with_card"":455,""games_with_card"":449,""total_copies"":910}}"
108,Wellspring Mask Ogerpon ex,pokemon,Basic Pokémon,True,"[""2026-07-12""]","[""Imitation-Learning/Top-ladder-data/7-12/pokemon-tcg-ai-battle-episodes-2026-07-12.zip""]",6,6,6,1,1,2026-07-12,2026-07-12,"{""2026-07-12"":{""decks_with_card"":6,""games_with_card"":6,""total_copies"":6}}"
109,Abra,pokemon,Basic Pokémon,True,"[""2026-07-12""]","[""Imitation-Learning/Top-ladder-data/7-12/pokemon-tcg-ai-battle-episodes-2026-07-12.zip""]",101,101,101,1,1,2026-07-12,2026-07-12,"{""2026-07-12"":{""decks_with_card"":101,""games_with_card"":101,""total_copies"":101}}"
112,Munkidori,pokemon,Basic Pokémon,True,"[""2026-07-12""]","[""Imitation-Learning/Top-ladder-data/7-12/pokemon-tcg-ai-battle-episodes-2026-07-12.zip""]",1857,2078,6561,1,4,2026-07-12,2026-07-12,"{""2026-07-12"":{""decks_with_card"":2078,""games_with_card"":1857,""total_copies"":6561}}"
116,Okidogi,pokemon,Basic Pokémon,True,"[""2026-07-12""]","[""Imitation-Learning/Top-ladder-data/7-12/pokemon-tcg-ai-battle-episodes-2026-07-12.zip""]",4,4,12,3,3,2026-07-12,2026-07-12,"{""2026-07-12"":{""decks_with_card"":4,""games_with_card"":4,""total_copies"":12}}"
117,Cornerstone Mask Ogerpon ex,pokemon,Basic Pokémon,True,"[""2026-07-12""]","[""Imitation-Learning/Top-ladder-data/7-12/pokemon-tcg-ai-battle-episodes-2026-07-12.zip""]",507,521,992,1,2,2026-07-12,2026-07-12,"{""2026-07-12"":{""decks_with_card"":521,""games_with_card"":507,""total_copies"":992}}"
119,Dreepy,pokemon,Basic Pokémon,True,"[""2026-07-12""]","[""Imitation-Learning/Top-ladder-data/7-12/pokemon-tcg-ai-battle-episodes-2026-07-12.zip""]",492,499,1996,4,4,2026-07-12,2026-07-12,"{""2026-07-12"":{""decks_with_card"":499,""games_with_card"":492,""total_copies"":1996}}"
120,Drakloak,pokemon,Stage 1 Pokémon,True,"[""2026-07-12""]","[""Imitation-Learning/Top-ladder-data/7-12/pokemon-tcg-ai-battle-episodes-2026-07-12.zip""]",492,499,1996,4,4,2026-07-12,2026-07-12,"{""2026-07-12"":{""decks_with_card"":499,""games_with_card"":492,""total_copies"":1996}}"
121,Dragapult ex,pokemon,Stage 2 Pokémon,True,"[""2026-07-12""]","[""Imitation-Learning/Top-ladder-data/7-12/pokemon-tcg-ai-battle-episodes-2026-07-12.zip""]",492,499,1497,3,3,2026-07-12,2026-07-12,"{""2026-07-12"":{""decks_with_card"":499,""games_with_card"":492,""total_copies"":1497}}"
122,Tatsugiri,pokemon,Basic Pokémon,True,"[""2026-07-12""]","[""Imitation-Learning/Top-ladder-data/7-12/pokemon-tcg-ai-battle-episodes-2026-07-12.zip""]",43,43,43,1,1,2026-07-12,2026-07-12,"{""2026-07-12"":{""decks_with_card"":43,""games_with_card"":43,""total_copies"":43}}"
131,Duskull,pokemon,Basic Pokémon,True,"[""2026-07-12""]","[""Imitation-Learning/Top-ladder-data/7-12/pokemon-tcg-ai-battle-episodes-2026-07-12.zip""]",292,292,584,2,2,2026-07-12,2026-07-12,"{""2026-07-12"":{""decks_with_card"":292,""games_with_card"":292,""total_copies"":584}}"
132,Dusclops,pokemon,Stage 1 Pokémon,True,"[""2026-07-12""]","[""Imitation-Learning/Top-ladder-data/7-12/pokemon-tcg-ai-battle-episodes-2026-07-12.zip""]",292,292,584,2,2,2026-07-12,2026-07-12,"{""2026-07-12"":{""decks_with_card"":292,""games_with_card"":292,""total_copies"":584}}"
133,Dusknoir,pokemon,Stage 2 Pokémon,True,"[""2026-07-12""]","[""Imitation-Learning/Top-ladder-data/7-12/pokemon-tcg-ai-battle-episodes-2026-07-12.zip""]",292,292,584,2,2,2026-07-12,2026-07-12,"{""2026-07-12"":{""decks_with_card"":292,""games_with_card"":292,""total_copies"":584}}"
140,Fezandipiti ex,pokemon,Basic Pokémon,True,"[""2026-07-12""]","[""Imitation-Learning/Top-ladder-data/7-12/pokemon-tcg-ai-battle-episodes-2026-07-12.zip""]",3313,4036,4036,1,1,2026-07-12,2026-07-12,"{""2026-07-12"":{""decks_with_card"":4036,""games_with_card"":3313,""total_copies"":4036}}"
141,Pecharunt ex,pokemon,Basic Pokémon,True,"[""2026-07-12""]","[""Imitation-Learning/Top-ladder-data/7-12/pokemon-tcg-ai-battle-episodes-2026-07-12.zip""]",8,8,8,1,1,2026-07-12,2026-07-12,"{""2026-07-12"":{""decks_with_card"":8,""games_with_card"":8,""total_copies"":8}}"
164,Comfey,pokemon,Basic Pokémon,True,"[""2026-07-12""]","[""Imitation-Learning/Top-ladder-data/7-12/pokemon-tcg-ai-battle-episodes-2026-07-12.zip""]",219,220,880,4,4,2026-07-12,2026-07-12,"{""2026-07-12"":{""decks_with_card"":220,""games_with_card"":219,""total_copies"":880}}"
169,Duraludon,pokemon,Basic Pokémon,True,"[""2026-07-12""]","[""Imitation-Learning/Top-ladder-data/7-12/pokemon-tcg-ai-battle-episodes-2026-07-12.zip""]",115,117,468,4,4,2026-07-12,2026-07-12,"{""2026-07-12"":{""decks_with_card"":117,""games_with_card"":115,""total_copies"":468}}"
174,Fan Rotom,pokemon,Basic Pokémon,True,"[""2026-07-12""]","[""Imitation-Learning/Top-ladder-data/7-12/pokemon-tcg-ai-battle-episodes-2026-07-12.zip""]",111,111,115,1,2,2026-07-12,2026-07-12,"{""2026-07-12"":{""decks_with_card"":111,""games_with_card"":111,""total_copies"":115}}"
183,Smoochum,pokemon,Basic Pokémon,True,"[""2026-07-12""]","[""Imitation-Learning/Top-ladder-data/7-12/pokemon-tcg-ai-battle-episodes-2026-07-12.zip""]",25,25,25,1,1,2026-07-12,2026-07-12,"{""2026-07-12"":{""decks_with_card"":25,""games_with_card"":25,""total_copies"":25}}"
184,Latias ex,pokemon,Basic Pokémon,True,"[""2026-07-12""]","[""Imitation-Learning/Top-ladder-data/7-12/pokemon-tcg-ai-battle-episodes-2026-07-12.zip""]",72,72,78,1,2,2026-07-12,2026-07-12,"{""2026-07-12"":{""decks_with_card"":72,""games_with_card"":72,""total_copies"":78}}"
190,Archaludon ex,pokemon,Stage 1 Pokémon,True,"[""2026-07-12""]","[""Imitation-Learning/Top-ladder-data/7-12/pokemon-tcg-ai-battle-episodes-2026-07-12.zip""]",115,117,468,4,4,2026-07-12,2026-07-12,"{""2026-07-12"":{""decks_with_card"":117,""games_with_card"":115,""total_copies"":468}}"
214,Togekiss,pokemon,Stage 2 Pokémon,True,"[""2026-07-12""]","[""Imitation-Learning/Top-ladder-data/7-12/pokemon-tcg-ai-battle-episodes-2026-07-12.zip""]",186,186,186,1,1,2026-07-12,2026-07-12,"{""2026-07-12"":{""decks_with_card"":186,""games_with_card"":186,""total_copies"":186}}"
235,Budew,pokemon,Basic Pokémon,True,"[""2026-07-12""]","[""Imitation-Learning/Top-ladder-data/7-12/pokemon-tcg-ai-battle-episodes-2026-07-12.zip""]",869,896,1316,1,2,2026-07-12,2026-07-12,"{""2026-07-12"":{""decks_with_card"":896,""games_with_card"":869,""total_copies"":1316}}"
245,Alakazam,pokemon,Stage 2 Pokémon,True,"[""2026-07-12""]","[""Imitation-Learning/Top-ladder-data/7-12/pokemon-tcg-ai-battle-episodes-2026-07-12.zip""]",115,115,115,1,1,2026-07-12,2026-07-12,"{""2026-07-12"":{""decks_with_card"":115,""games_with_card"":115,""total_copies"":115}}"
257,N’s Darumaka,pokemon,Basic Pokémon,True,"[""2026-07-12""]","[""Imitation-Learning/Top-ladder-data/7-12/pokemon-tcg-ai-battle-episodes-2026-07-12.zip""]",8,8,8,1,1,2026-07-12,2026-07-12,"{""2026-07-12"":{""decks_with_card"":8,""games_with_card"":8,""total_copies"":8}}"
258,N’s Darmanitan,pokemon,Stage 1 Pokémon,True,"[""2026-07-12""]","[""Imitation-Learning/Top-ladder-data/7-12/pokemon-tcg-ai-battle-episodes-2026-07-12.zip""]",8,8,8,1,1,2026-07-12,2026-07-12,"{""2026-07-12"":{""decks_with_card"":8,""games_with_card"":8,""total_copies"":8}}"
272,Lillie’s Clefairy ex,pokemon,Basic Pokémon,True,"[""2026-07-12""]","[""Imitation-Learning/Top-ladder-data/7-12/pokemon-tcg-ai-battle-episodes-2026-07-12.zip""]",36,36,36,1,1,2026-07-12,2026-07-12,"{""2026-07-12"":{""decks_with_card"":36,""games_with_card"":36,""total_copies"":36}}"
292,N’s Zorua,pokemon,Basic Pokémon,True,"[""2026-07-12""]","[""Imitation-Learning/Top-ladder-data/7-12/pokemon-tcg-ai-battle-episodes-2026-07-12.zip""]",10,10,40,4,4,2026-07-12,2026-07-12,"{""2026-07-12"":{""decks_with_card"":10,""games_with_card"":10,""total_copies"":40}}"
293,N’s Zoroark ex,pokemon,Stage 1 Pokémon,True,"[""2026-07-12""]","[""Imitation-Learning/Top-ladder-data/7-12/pokemon-tcg-ai-battle-episodes-2026-07-12.zip""]",10,10,40,4,4,2026-07-12,2026-07-12,"{""2026-07-12"":{""decks_with_card"":10,""games_with_card"":10,""total_copies"":40}}"
303,N’s Reshiram,pokemon,Basic Pokémon,True,"[""2026-07-12""]","[""Imitation-Learning/Top-ladder-data/7-12/pokemon-tcg-ai-battle-episodes-2026-07-12.zip""]",10,10,20,2,2,2026-07-12,2026-07-12,"{""2026-07-12"":{""decks_with_card"":10,""games_with_card"":10,""total_copies"":20}}"
305,Dunsparce,pokemon,Basic Pokémon,True,"[""2026-07-12""]","[""Imitation-Learning/Top-ladder-data/7-12/pokemon-tcg-ai-battle-episodes-2026-07-12.zip""]",3471,4320,13102,1,4,2026-07-12,2026-07-12,"{""2026-07-12"":{""decks_with_card"":4320,""games_with_card"":3471,""total_copies"":13102}}"
306,Dudunsparce ex,pokemon,Stage 1 Pokémon,True,"[""2026-07-12""]","[""Imitation-Learning/Top-ladder-data/7-12/pokemon-tcg-ai-battle-episodes-2026-07-12.zip""]",82,82,82,1,1,2026-07-12,2026-07-12,"{""2026-07-12"":{""decks_with_card"":82,""games_with_card"":82,""total_copies"":82}}"
341,Cynthia's Roselia,pokemon,Basic Pokémon,True,"[""2026-07-12""]","[""Imitation-Learning/Top-ladder-data/7-12/pokemon-tcg-ai-battle-episodes-2026-07-12.zip""]",553,567,2267,3,4,2026-07-12,2026-07-12,"{""2026-07-12"":{""decks_with_card"":567,""games_with_card"":553,""total_copies"":2267}}"
342,Cynthia's Roserade,pokemon,Stage 1 Pokémon,True,"[""2026-07-12""]","[""Imitation-Learning/Top-ladder-data/7-12/pokemon-tcg-ai-battle-episodes-2026-07-12.zip""]",553,567,1830,3,4,2026-07-12,2026-07-12,"{""2026-07-12"":{""decks_with_card"":567,""games_with_card"":553,""total_copies"":1830}}"
343,Shaymin,pokemon,Basic Pokémon,True,"[""2026-07-12""]","[""Imitation-Learning/Top-ladder-data/7-12/pokemon-tcg-ai-battle-episodes-2026-07-12.zip""]",3355,4252,4284,1,2,2026-07-12,2026-07-12,"{""2026-07-12"":{""decks_with_card"":4252,""games_with_card"":3355,""total_copies"":4284}}"
344,Dwebble,pokemon,Basic Pokémon,True,"[""2026-07-12""]","[""Imitation-Learning/Top-ladder-data/7-12/pokemon-tcg-ai-battle-episodes-2026-07-12.zip""]",2528,2833,10756,3,4,2026-07-12,2026-07-12,"{""2026-07-12"":{""decks_with_card"":2833,""games_with_card"":2528,""total_copies"":10756}}"
345,Crustle,pokemon,Stage 1 Pokémon,True,"[""2026-07-12""]","[""Imitation-Learning/Top-ladder-data/7-12/pokemon-tcg-ai-battle-episodes-2026-07-12.zip""]",2528,2833,10720,3,4,2026-07-12,2026-07-12,"{""2026-07-12"":{""decks_with_card"":2833,""games_with_card"":2528,""total_copies"":10720}}"
379,Cynthia's Gible,pokemon,Basic Pokémon,True,"[""2026-07-12""]","[""Imitation-Learning/Top-ladder-data/7-12/pokemon-tcg-ai-battle-episodes-2026-07-12.zip""]",553,567,2268,4,4,2026-07-12,2026-07-12,"{""2026-07-12"":{""decks_with_card"":567,""games_with_card"":553,""total_copies"":2268}}"
380,Cynthia's Gabite,pokemon,Stage 1 Pokémon,True,"[""2026-07-12""]","[""Imitation-Learning/Top-ladder-data/7-12/pokemon-tcg-ai-battle-episodes-2026-07-12.zip""]",553,567,2268,4,4,2026-07-12,2026-07-12,"{""2026-07-12"":{""decks_with_card"":567,""games_with_card"":553,""total_copies"":2268}}"
381,Cynthia's Garchomp ex,pokemon,Stage 2 Pokémon,True,"[""2026-07-12""]","[""Imitation-Learning/Top-ladder-data/7-12/pokemon-tcg-ai-battle-episodes-2026-07-12.zip""]",553,567,1701,3,3,2026-07-12,2026-07-12,"{""2026-07-12"":{""decks_with_card"":567,""games_with_card"":553,""total_copies"":1701}}"
387,Cynthia's Spiritomb,pokemon,Basic Pokémon,True,"[""2026-07-12""]","[""Imitation-Learning/Top-ladder-data/7-12/pokemon-tcg-ai-battle-episodes-2026-07-12.zip""]",434,436,872,2,2,2026-07-12,2026-07-12,"{""2026-07-12"":{""decks_with_card"":436,""games_with_card"":434,""total_copies"":872}}"
400,Team Rocket's Tarountula,pokemon,Basic Pokémon,True,"[""2026-07-12""]","[""Imitation-Learning/Top-ladder-data/7-12/pokemon-tcg-ai-battle-episodes-2026-07-12.zip""]",451,451,1804,4,4,2026-07-12,2026-07-12,"{""2026-07-12"":{""decks_with_card"":451,""games_with_card"":451,""total_copies"":1804}}"
401,Team Rocket's Spidops,pokemon,Stage 1 Pokémon,True,"[""2026-07-12""]","[""Imitation-Learning/Top-ladder-data/7-12/pokemon-tcg-ai-battle-episodes-2026-07-12.zip""]",451,451,1804,4,4,2026-07-12,2026-07-12,"{""2026-07-12"":{""decks_with_card"":451,""games_with_card"":451,""total_copies"":1804}}"
414,Team Rocket's Articuno,pokemon,Basic Pokémon,True,"[""2026-07-12""]","[""Imitation-Learning/Top-ladder-data/7-12/pokemon-tcg-ai-battle-episodes-2026-07-12.zip""]",1221,1277,2256,1,2,2026-07-12,2026-07-12,"{""2026-07-12"":{""decks_with_card"":1277,""games_with_card"":1221,""total_copies"":2256}}"
431,Team Rocket's Mewtwo ex,pokemon,Basic Pokémon,True,"[""2026-07-12""]","[""Imitation-Learning/Top-ladder-data/7-12/pokemon-tcg-ai-battle-episodes-2026-07-12.zip""]",451,451,902,2,2,2026-07-12,2026-07-12,"{""2026-07-12"":{""decks_with_card"":451,""games_with_card"":451,""total_copies"":902}}"
434,Team Rocket's Mimikyu,pokemon,Basic Pokémon,True,"[""2026-07-12""]","[""Imitation-Learning/Top-ladder-data/7-12/pokemon-tcg-ai-battle-episodes-2026-07-12.zip""]",451,451,1353,3,3,2026-07-12,2026-07-12,"{""2026-07-12"":{""decks_with_card"":451,""games_with_card"":451,""total_copies"":1353}}"
463,Team Rocket's Murkrow,pokemon,Basic Pokémon,True,"[""2026-07-12""]","[""Imitation-Learning/Top-ladder-data/7-12/pokemon-tcg-ai-battle-episodes-2026-07-12.zip""]",6,6,24,4,4,2026-07-12,2026-07-12,"{""2026-07-12"":{""decks_with_card"":6,""games_with_card"":6,""total_copies"":24}}"
473,Team Rocket's Porygon,pokemon,Basic Pokémon,True,"[""2026-07-12""]","[""Imitation-Learning/Top-ladder-data/7-12/pokemon-tcg-ai-battle-episodes-2026-07-12.zip""]",6,6,12,2,2,2026-07-12,2026-07-12,"{""2026-07-12"":{""decks_with_card"":6,""games_with_card"":6,""total_copies"":12}}"
474,Team Rocket's Porygon2,pokemon,Stage 1 Pokémon,True,"[""2026-07-12""]","[""Imitation-Learning/Top-ladder-data/7-12/pokemon-tcg-ai-battle-episodes-2026-07-12.zip""]",6,6,12,2,2,2026-07-12,2026-07-12,"{""2026-07-12"":{""decks_with_card"":6,""games_with_card"":6,""total_copies"":12}}"
506,Cubchoo,pokemon,Basic Pokémon,True,"[""2026-07-12""]","[""Imitation-Learning/Top-ladder-data/7-12/pokemon-tcg-ai-battle-episodes-2026-07-12.zip""]",176,176,704,4,4,2026-07-12,2026-07-12,"{""2026-07-12"":{""decks_with_card"":176,""games_with_card"":176,""total_copies"":704}}"
597,Frillish,pokemon,Basic Pokémon,True,"[""2026-07-12""]","[""Imitation-Learning/Top-ladder-data/7-12/pokemon-tcg-ai-battle-episodes-2026-07-12.zip""]",25,25,25,1,1,2026-07-12,2026-07-12,"{""2026-07-12"":{""decks_with_card"":25,""games_with_card"":25,""total_copies"":25}}"
607,Terrakion,pokemon,Basic Pokémon,True,"[""2026-07-12""]","[""Imitation-Learning/Top-ladder-data/7-12/pokemon-tcg-ai-battle-episodes-2026-07-12.zip""]",84,84,84,1,1,2026-07-12,2026-07-12,"{""2026-07-12"":{""decks_with_card"":84,""games_with_card"":84,""total_copies"":84}}"
646,Marnie's Impidimp,pokemon,Basic Pokémon,True,"[""2026-07-12""]","[""Imitation-Learning/Top-ladder-data/7-12/pokemon-tcg-ai-battle-episodes-2026-07-12.zip""]",920,955,3820,4,4,2026-07-12,2026-07-12,"{""2026-07-12"":{""decks_with_card"":955,""games_with_card"":920,""total_copies"":3820}}"
647,Marnie's Morgrem,pokemon,Stage 1 Pokémon,True,"[""2026-07-12""]","[""Imitation-Learning/Top-ladder-data/7-12/pokemon-tcg-ai-battle-episodes-2026-07-12.zip""]",920,955,2346,2,3,2026-07-12,2026-07-12,"{""2026-07-12"":{""decks_with_card"":955,""games_with_card"":920,""total_copies"":2346}}"
648,Marnie's Grimmsnarl ex,pokemon,Stage 2 Pokémon,True,"[""2026-07-12""]","[""Imitation-Learning/Top-ladder-data/7-12/pokemon-tcg-ai-battle-episodes-2026-07-12.zip""]",920,955,3344,3,4,2026-07-12,2026-07-12,"{""2026-07-12"":{""decks_with_card"":955,""games_with_card"":920,""total_copies"":3344}}"
649,Marnie's Morpeko,pokemon,Basic Pokémon,True,"[""2026-07-12""]","[""Imitation-Learning/Top-ladder-data/7-12/pokemon-tcg-ai-battle-episodes-2026-07-12.zip""]",81,81,161,1,2,2026-07-12,2026-07-12,"{""2026-07-12"":{""decks_with_card"":81,""games_with_card"":81,""total_copies"":161}}"
655,Celebi,pokemon,Basic Pokémon,True,"[""2026-07-12""]","[""Imitation-Learning/Top-ladder-data/7-12/pokemon-tcg-ai-battle-episodes-2026-07-12.zip""]",1,1,4,4,4,2026-07-12,2026-07-12,"{""2026-07-12"":{""decks_with_card"":1,""games_with_card"":1,""total_copies"":4}}"
666,Cinderace,pokemon,Stage 2 Pokémon,True,"[""2026-07-12""]","[""Imitation-Learning/Top-ladder-data/7-12/pokemon-tcg-ai-battle-episodes-2026-07-12.zip""]",144,144,366,2,4,2026-07-12,2026-07-12,"{""2026-07-12"":{""decks_with_card"":144,""games_with_card"":144,""total_copies"":366}}"
673,Makuhita,pokemon,Basic Pokémon,True,"[""2026-07-12""]","[""Imitation-Learning/Top-ladder-data/7-12/pokemon-tcg-ai-battle-episodes-2026-07-12.zip""]",6,6,11,1,2,2026-07-12,2026-07-12,"{""2026-07-12"":{""decks_with_card"":6,""games_with_card"":6,""total_copies"":11}}"
674,Hariyama,pokemon,Stage 1 Pokémon,True,"[""2026-07-12""]","[""Imitation-Learning/Top-ladder-data/7-12/pokemon-tcg-ai-battle-episodes-2026-07-12.zip""]",6,6,11,1,2,2026-07-12,2026-07-12,"{""2026-07-12"":{""decks_with_card"":6,""games_with_card"":6,""total_copies"":11}}"
675,Lunatone,pokemon,Basic Pokémon,True,"[""2026-07-12""]","[""Imitation-Learning/Top-ladder-data/7-12/pokemon-tcg-ai-battle-episodes-2026-07-12.zip""]",110,111,252,2,3,2026-07-12,2026-07-12,"{""2026-07-12"":{""decks_with_card"":111,""games_with_card"":110,""total_copies"":252}}"
676,Solrock,pokemon,Basic Pokémon,True,"[""2026-07-12""]","[""Imitation-Learning/Top-ladder-data/7-12/pokemon-tcg-ai-battle-episodes-2026-07-12.zip""]",110,111,333,3,3,2026-07-12,2026-07-12,"{""2026-07-12"":{""decks_with_card"":111,""games_with_card"":110,""total_copies"":333}}"
677,Riolu,pokemon,Basic Pokémon,True,"[""2026-07-12""]","[""Imitation-Learning/Top-ladder-data/7-12/pokemon-tcg-ai-battle-episodes-2026-07-12.zip""]",106,107,425,3,4,2026-07-12,2026-07-12,"{""2026-07-12"":{""decks_with_card"":107,""games_with_card"":106,""total_copies"":425}}"
678,Mega Lucario ex,pokemon,Stage 1 Pokémon,True,"[""2026-07-12""]","[""Imitation-Learning/Top-ladder-data/7-12/pokemon-tcg-ai-battle-episodes-2026-07-12.zip""]",106,107,427,3,4,2026-07-12,2026-07-12,"{""2026-07-12"":{""decks_with_card"":107,""games_with_card"":106,""total_copies"":427}}"
689,Yveltal,pokemon,Basic Pokémon,True,"[""2026-07-12""]","[""Imitation-Learning/Top-ladder-data/7-12/pokemon-tcg-ai-battle-episodes-2026-07-12.zip""]",396,396,396,1,1,2026-07-12,2026-07-12,"{""2026-07-12"":{""decks_with_card"":396,""games_with_card"":396,""total_copies"":396}}"
741,Abra,pokemon,Basic Pokémon,True,"[""2026-07-12""]","[""Imitation-Learning/Top-ladder-data/7-12/pokemon-tcg-ai-battle-episodes-2026-07-12.zip""]",3029,3609,14436,4,4,2026-07-12,2026-07-12,"{""2026-07-12"":{""decks_with_card"":3609,""games_with_card"":3029,""total_copies"":14436}}"
742,Kadabra,pokemon,Stage 1 Pokémon,True,"[""2026-07-12""]","[""Imitation-Learning/Top-ladder-data/7-12/pokemon-tcg-ai-battle-episodes-2026-07-12.zip""]",3029,3609,14436,4,4,2026-07-12,2026-07-12,"{""2026-07-12"":{""decks_with_card"":3609,""games_with_card"":3029,""total_copies"":14436}}"
743,Alakazam,pokemon,Stage 2 Pokémon,True,"[""2026-07-12""]","[""Imitation-Learning/Top-ladder-data/7-12/pokemon-tcg-ai-battle-episodes-2026-07-12.zip""]",3029,3609,14275,3,4,2026-07-12,2026-07-12,"{""2026-07-12"":{""decks_with_card"":3609,""games_with_card"":3029,""total_copies"":14275}}"
745,Ralts,pokemon,Basic Pokémon,True,"[""2026-07-12""]","[""Imitation-Learning/Top-ladder-data/7-12/pokemon-tcg-ai-battle-episodes-2026-07-12.zip""]",25,25,100,4,4,2026-07-12,2026-07-12,"{""2026-07-12"":{""decks_with_card"":25,""games_with_card"":25,""total_copies"":100}}"
746,Kirlia,pokemon,Stage 1 Pokémon,True,"[""2026-07-12""]","[""Imitation-Learning/Top-ladder-data/7-12/pokemon-tcg-ai-battle-episodes-2026-07-12.zip""]",25,25,75,3,3,2026-07-12,2026-07-12,"{""2026-07-12"":{""decks_with_card"":25,""games_with_card"":25,""total_copies"":75}}"
747,Mega Gardevoir ex,pokemon,Stage 2 Pokémon,True,"[""2026-07-12""]","[""Imitation-Learning/Top-ladder-data/7-12/pokemon-tcg-ai-battle-episodes-2026-07-12.zip""]",25,25,75,3,3,2026-07-12,2026-07-12,"{""2026-07-12"":{""decks_with_card"":25,""games_with_card"":25,""total_copies"":75}}"
756,Mega Kangaskhan ex,pokemon,Basic Pokémon,True,"[""2026-07-12""]","[""Imitation-Learning/Top-ladder-data/7-12/pokemon-tcg-ai-battle-episodes-2026-07-12.zip""]",2056,2234,8926,3,4,2026-07-12,2026-07-12,"{""2026-07-12"":{""decks_with_card"":2234,""games_with_card"":2056,""total_copies"":8926}}"
791,Moltres,pokemon,Basic Pokémon,True,"[""2026-07-12""]","[""Imitation-Learning/Top-ladder-data/7-12/pokemon-tcg-ai-battle-episodes-2026-07-12.zip""]",101,101,202,2,2,2026-07-12,2026-07-12,"{""2026-07-12"":{""decks_with_card"":101,""games_with_card"":101,""total_copies"":202}}"
817,Bramblin,pokemon,Basic Pokémon,True,"[""2026-07-12""]","[""Imitation-Learning/Top-ladder-data/7-12/pokemon-tcg-ai-battle-episodes-2026-07-12.zip""]",219,220,588,2,3,2026-07-12,2026-07-12,"{""2026-07-12"":{""decks_with_card"":220,""games_with_card"":219,""total_copies"":588}}"
818,Brambleghast,pokemon,Stage 1 Pokémon,True,"[""2026-07-12""]","[""Imitation-Learning/Top-ladder-data/7-12/pokemon-tcg-ai-battle-episodes-2026-07-12.zip""]",219,220,442,2,3,2026-07-12,2026-07-12,"{""2026-07-12"":{""decks_with_card"":220,""games_with_card"":219,""total_copies"":442}}"
848,Buneary,pokemon,Basic Pokémon,True,"[""2026-07-12""]","[""Imitation-Learning/Top-ladder-data/7-12/pokemon-tcg-ai-battle-episodes-2026-07-12.zip""]",174,174,394,1,4,2026-07-12,2026-07-12,"{""2026-07-12"":{""decks_with_card"":174,""games_with_card"":174,""total_copies"":394}}"
849,Mega Lopunny ex,pokemon,Stage 1 Pokémon,True,"[""2026-07-12""]","[""Imitation-Learning/Top-ladder-data/7-12/pokemon-tcg-ai-battle-episodes-2026-07-12.zip""]",174,174,388,1,3,2026-07-12,2026-07-12,"{""2026-07-12"":{""decks_with_card"":174,""games_with_card"":174,""total_copies"":388}}"
860,Snorunt,pokemon,Basic Pokémon,True,"[""2026-07-12""]","[""Imitation-Learning/Top-ladder-data/7-12/pokemon-tcg-ai-battle-episodes-2026-07-12.zip""]",557,564,1241,2,4,2026-07-12,2026-07-12,"{""2026-07-12"":{""decks_with_card"":564,""games_with_card"":557,""total_copies"":1241}}"
861,Mega Froslass ex,pokemon,Stage 1 Pokémon,True,"[""2026-07-12""]","[""Imitation-Learning/Top-ladder-data/7-12/pokemon-tcg-ai-battle-episodes-2026-07-12.zip""]",109,109,331,3,4,2026-07-12,2026-07-12,"{""2026-07-12"":{""decks_with_card"":109,""games_with_card"":109,""total_copies"":331}}"
891,Team Rocket's Honchkrow,pokemon,Stage 1 Pokémon,True,"[""2026-07-12""]","[""Imitation-Learning/Top-ladder-data/7-12/pokemon-tcg-ai-battle-episodes-2026-07-12.zip""]",6,6,24,4,4,2026-07-12,2026-07-12,"{""2026-07-12"":{""decks_with_card"":6,""games_with_card"":6,""total_copies"":24}}"
906,N's Zekrom,pokemon,Basic Pokémon,True,"[""2026-07-12""]","[""Imitation-Learning/Top-ladder-data/7-12/pokemon-tcg-ai-battle-episodes-2026-07-12.zip""]",10,10,12,1,2,2026-07-12,2026-07-12,"{""2026-07-12"":{""decks_with_card"":10,""games_with_card"":10,""total_copies"":12}}"
959,Togepi,pokemon,Basic Pokémon,True,"[""2026-07-12""]","[""Imitation-Learning/Top-ladder-data/7-12/pokemon-tcg-ai-battle-episodes-2026-07-12.zip""]",186,186,186,1,1,2026-07-12,2026-07-12,"{""2026-07-12"":{""decks_with_card"":186,""games_with_card"":186,""total_copies"":186}}"
970,Fezandipiti,pokemon,Basic Pokémon,True,"[""2026-07-12""]","[""Imitation-Learning/Top-ladder-data/7-12/pokemon-tcg-ai-battle-episodes-2026-07-12.zip""]",3,3,6,2,2,2026-07-12,2026-07-12,"{""2026-07-12"":{""decks_with_card"":3,""games_with_card"":3,""total_copies"":6}}"
1030,Staryu,pokemon,Basic Pokémon,True,"[""2026-07-12""]","[""Imitation-Learning/Top-ladder-data/7-12/pokemon-tcg-ai-battle-episodes-2026-07-12.zip""]",402,403,1507,3,4,2026-07-12,2026-07-12,"{""2026-07-12"":{""decks_with_card"":403,""games_with_card"":402,""total_copies"":1507}}"
1031,Mega Starmie ex,pokemon,Stage 1 Pokémon,True,"[""2026-07-12""]","[""Imitation-Learning/Top-ladder-data/7-12/pokemon-tcg-ai-battle-episodes-2026-07-12.zip""]",402,403,1215,3,4,2026-07-12,2026-07-12,"{""2026-07-12"":{""decks_with_card"":403,""games_with_card"":402,""total_copies"":1215}}"
1051,Binacle,pokemon,Basic Pokémon,True,"[""2026-07-12""]","[""Imitation-Learning/Top-ladder-data/7-12/pokemon-tcg-ai-battle-episodes-2026-07-12.zip""]",4,4,8,2,2,2026-07-12,2026-07-12,"{""2026-07-12"":{""decks_with_card"":4,""games_with_card"":4,""total_copies"":8}}"
1052,Barbaracle,pokemon,Stage 1 Pokémon,True,"[""2026-07-12""]","[""Imitation-Learning/Top-ladder-data/7-12/pokemon-tcg-ai-battle-episodes-2026-07-12.zip""]",4,4,8,2,2,2026-07-12,2026-07-12,"{""2026-07-12"":{""decks_with_card"":4,""games_with_card"":4,""total_copies"":8}}"
1071,Meowth ex,pokemon,Basic Pokémon,True,"[""2026-07-12""]","[""Imitation-Learning/Top-ladder-data/7-12/pokemon-tcg-ai-battle-episodes-2026-07-12.zip""]",464,470,482,1,3,2026-07-12,2026-07-12,"{""2026-07-12"":{""decks_with_card"":470,""games_with_card"":464,""total_copies"":482}}"
1077,Roto-Stick,trainer,Item,True,"[""2026-07-12""]","[""Imitation-Learning/Top-ladder-data/7-12/pokemon-tcg-ai-battle-episodes-2026-07-12.zip""]",6,6,18,3,3,2026-07-12,2026-07-12,"{""2026-07-12"":{""decks_with_card"":6,""games_with_card"":6,""total_copies"":18}}"
1079,Rare Candy,trainer,Item,True,"[""2026-07-12""]","[""Imitation-Learning/Top-ladder-data/7-12/pokemon-tcg-ai-battle-episodes-2026-07-12.zip""]",3670,4647,15215,1,4,2026-07-12,2026-07-12,"{""2026-07-12"":{""decks_with_card"":4647,""games_with_card"":3670,""total_copies"":15215}}"
1080,Unfair Stamp,trainer,Item,True,"[""2026-07-12""]","[""Imitation-Learning/Top-ladder-data/7-12/pokemon-tcg-ai-battle-episodes-2026-07-12.zip""]",1418,1518,1518,1,1,2026-07-12,2026-07-12,"{""2026-07-12"":{""decks_with_card"":1518,""games_with_card"":1418,""total_copies"":1518}}"
1081,Enhanced Hammer,trainer,Item,True,"[""2026-07-12""]","[""Imitation-Learning/Top-ladder-data/7-12/pokemon-tcg-ai-battle-episodes-2026-07-12.zip""]",3286,4006,13199,1,4,2026-07-12,2026-07-12,"{""2026-07-12"":{""decks_with_card"":4006,""games_with_card"":3286,""total_copies"":13199}}"
1086,Buddy-Buddy Poffin,trainer,Item,True,"[""2026-07-12""]","[""Imitation-Learning/Top-ladder-data/7-12/pokemon-tcg-ai-battle-episodes-2026-07-12.zip""]",5039,9384,36590,1,4,2026-07-12,2026-07-12,"{""2026-07-12"":{""decks_with_card"":9384,""games_with_card"":5039,""total_copies"":36590}}"
1087,Hand Trimmer,trainer,Item,True,"[""2026-07-12""]","[""Imitation-Learning/Top-ladder-data/7-12/pokemon-tcg-ai-battle-episodes-2026-07-12.zip""]",2058,2239,3159,1,3,2026-07-12,2026-07-12,"{""2026-07-12"":{""decks_with_card"":2239,""games_with_card"":2058,""total_copies"":3159}}"
1088,Prime Catcher,trainer,Item,True,"[""2026-07-12""]","[""Imitation-Learning/Top-ladder-data/7-12/pokemon-tcg-ai-battle-episodes-2026-07-12.zip""]",6,6,6,1,1,2026-07-12,2026-07-12,"{""2026-07-12"":{""decks_with_card"":6,""games_with_card"":6,""total_copies"":6}}"
1094,Bug Catching Set,trainer,Item,True,"[""2026-07-12""]","[""Imitation-Learning/Top-ladder-data/7-12/pokemon-tcg-ai-battle-episodes-2026-07-12.zip""]",516,516,1613,3,4,2026-07-12,2026-07-12,"{""2026-07-12"":{""decks_with_card"":516,""games_with_card"":516,""total_copies"":1613}}"
1095,Dangerous Laser,trainer,Item,True,"[""2026-07-12""]","[""Imitation-Learning/Top-ladder-data/7-12/pokemon-tcg-ai-battle-episodes-2026-07-12.zip""]",147,148,148,1,1,2026-07-12,2026-07-12,"{""2026-07-12"":{""decks_with_card"":148,""games_with_card"":147,""total_copies"":148}}"
1097,Night Stretcher,trainer,Item,True,"[""2026-07-12""]","[""Imitation-Learning/Top-ladder-data/7-12/pokemon-tcg-ai-battle-episodes-2026-07-12.zip""]",4208,5794,9504,1,4,2026-07-12,2026-07-12,"{""2026-07-12"":{""decks_with_card"":5794,""games_with_card"":4208,""total_copies"":9504}}"
1098,Glass Trumpet,trainer,Item,True,"[""2026-07-12""]","[""Imitation-Learning/Top-ladder-data/7-12/pokemon-tcg-ai-battle-episodes-2026-07-12.zip""]",6,6,12,2,2,2026-07-12,2026-07-12,"{""2026-07-12"":{""decks_with_card"":6,""games_with_card"":6,""total_copies"":12}}"
1102,Dusk Ball,trainer,Item,True,"[""2026-07-12""]","[""Imitation-Learning/Top-ladder-data/7-12/pokemon-tcg-ai-battle-episodes-2026-07-12.zip""]",107,108,429,1,4,2026-07-12,2026-07-12,"{""2026-07-12"":{""decks_with_card"":108,""games_with_card"":107,""total_copies"":429}}"
1109,Miracle Headset,trainer,Item,True,"[""2026-07-12""]","[""Imitation-Learning/Top-ladder-data/7-12/pokemon-tcg-ai-battle-episodes-2026-07-12.zip""]",6,6,6,1,1,2026-07-12,2026-07-12,"{""2026-07-12"":{""decks_with_card"":6,""games_with_card"":6,""total_copies"":6}}"
1113,N’s PP Up,trainer,Item,True,"[""2026-07-12""]","[""Imitation-Learning/Top-ladder-data/7-12/pokemon-tcg-ai-battle-episodes-2026-07-12.zip""]",10,10,40,4,4,2026-07-12,2026-07-12,"{""2026-07-12"":{""decks_with_card"":10,""games_with_card"":10,""total_copies"":40}}"
1116,Energy Switch,trainer,Item,True,"[""2026-07-12""]","[""Imitation-Learning/Top-ladder-data/7-12/pokemon-tcg-ai-battle-episodes-2026-07-12.zip""]",7,7,25,1,4,2026-07-12,2026-07-12,"{""2026-07-12"":{""decks_with_card"":7,""games_with_card"":7,""total_copies"":25}}"
1118,Energy Retrieval,trainer,Item,True,"[""2026-07-12""]","[""Imitation-Learning/Top-ladder-data/7-12/pokemon-tcg-ai-battle-episodes-2026-07-12.zip""]",4,4,4,1,1,2026-07-12,2026-07-12,"{""2026-07-12"":{""decks_with_card"":4,""games_with_card"":4,""total_copies"":4}}"
1119,Energy Search,trainer,Item,True,"[""2026-07-12""]","[""Imitation-Learning/Top-ladder-data/7-12/pokemon-tcg-ai-battle-episodes-2026-07-12.zip""]",147,147,293,1,2,2026-07-12,2026-07-12,"{""2026-07-12"":{""decks_with_card"":147,""games_with_card"":147,""total_copies"":293}}"
1120,Crushing Hammer,trainer,Item,True,"[""2026-07-12""]","[""Imitation-Learning/Top-ladder-data/7-12/pokemon-tcg-ai-battle-episodes-2026-07-12.zip""]",1433,1553,4207,1,4,2026-07-12,2026-07-12,"{""2026-07-12"":{""decks_with_card"":1553,""games_with_card"":1433,""total_copies"":4207}}"
1121,Ultra Ball,trainer,Item,True,"[""2026-07-12""]","[""Imitation-Learning/Top-ladder-data/7-12/pokemon-tcg-ai-battle-episodes-2026-07-12.zip""]",1825,1960,4987,1,4,2026-07-12,2026-07-12,"{""2026-07-12"":{""decks_with_card"":1960,""games_with_card"":1825,""total_copies"":4987}}"
1122,Pokégear 3.0,trainer,Item,True,"[""2026-07-12""]","[""Imitation-Learning/Top-ladder-data/7-12/pokemon-tcg-ai-battle-episodes-2026-07-12.zip""]",2999,3529,12166,1,4,2026-07-12,2026-07-12,"{""2026-07-12"":{""decks_with_card"":3529,""games_with_card"":2999,""total_copies"":12166}}"
1123,Switch,trainer,Item,True,"[""2026-07-12""]","[""Imitation-Learning/Top-ladder-data/7-12/pokemon-tcg-ai-battle-episodes-2026-07-12.zip""]",2233,2462,8739,1,4,2026-07-12,2026-07-12,"{""2026-07-12"":{""decks_with_card"":2462,""games_with_card"":2233,""total_copies"":8739}}"
1129,Sacred Ash,trainer,Item,True,"[""2026-07-12""]","[""Imitation-Learning/Top-ladder-data/7-12/pokemon-tcg-ai-battle-episodes-2026-07-12.zip""]",3101,3729,4041,1,2,2026-07-12,2026-07-12,"{""2026-07-12"":{""decks_with_card"":3729,""games_with_card"":3101,""total_copies"":4041}}"
1134,Team Rocket's Transceiver,trainer,Item,True,"[""2026-07-12""]","[""Imitation-Learning/Top-ladder-data/7-12/pokemon-tcg-ai-battle-episodes-2026-07-12.zip""]",457,457,1828,4,4,2026-07-12,2026-07-12,"{""2026-07-12"":{""decks_with_card"":457,""games_with_card"":457,""total_copies"":1828}}"
1137,Tool Scrapper,trainer,Item,True,"[""2026-07-12""]","[""Imitation-Learning/Top-ladder-data/7-12/pokemon-tcg-ai-battle-episodes-2026-07-12.zip""]",761,778,778,1,1,2026-07-12,2026-07-12,"{""2026-07-12"":{""decks_with_card"":778,""games_with_card"":761,""total_copies"":778}}"
1139,Energy Recycler,trainer,Item,True,"[""2026-07-12""]","[""Imitation-Learning/Top-ladder-data/7-12/pokemon-tcg-ai-battle-episodes-2026-07-12.zip""]",148,149,445,1,3,2026-07-12,2026-07-12,"{""2026-07-12"":{""decks_with_card"":149,""games_with_card"":148,""total_copies"":445}}"
1141,Premium Power Pro,trainer,Item,True,"[""2026-07-12""]","[""Imitation-Learning/Top-ladder-data/7-12/pokemon-tcg-ai-battle-episodes-2026-07-12.zip""]",110,111,440,3,4,2026-07-12,2026-07-12,"{""2026-07-12"":{""decks_with_card"":111,""games_with_card"":110,""total_copies"":440}}"
1142,Fighting Gong,trainer,Item,True,"[""2026-07-12""]","[""Imitation-Learning/Top-ladder-data/7-12/pokemon-tcg-ai-battle-episodes-2026-07-12.zip""]",736,770,2954,3,4,2026-07-12,2026-07-12,"{""2026-07-12"":{""decks_with_card"":770,""games_with_card"":736,""total_copies"":2954}}"
1145,Mega Signal,trainer,Item,True,"[""2026-07-12""]","[""Imitation-Learning/Top-ladder-data/7-12/pokemon-tcg-ai-battle-episodes-2026-07-12.zip""]",140,140,397,2,4,2026-07-12,2026-07-12,"{""2026-07-12"":{""decks_with_card"":140,""games_with_card"":140,""total_copies"":397}}"
1146,Wondrous Patch,trainer,Item,True,"[""2026-07-12""]","[""Imitation-Learning/Top-ladder-data/7-12/pokemon-tcg-ai-battle-episodes-2026-07-12.zip""]",267,269,269,1,1,2026-07-12,2026-07-12,"{""2026-07-12"":{""decks_with_card"":269,""games_with_card"":267,""total_copies"":269}}"
1147,Jumbo Ice Cream,trainer,Item,True,"[""2026-07-12""]","[""Imitation-Learning/Top-ladder-data/7-12/pokemon-tcg-ai-battle-episodes-2026-07-12.zip""]",2503,2810,11074,1,4,2026-07-12,2026-07-12,"{""2026-07-12"":{""decks_with_card"":2810,""games_with_card"":2503,""total_copies"":11074}}"
1152,Poké Pad,trainer,Item,True,"[""2026-07-12""]","[""Imitation-Learning/Top-ladder-data/7-12/pokemon-tcg-ai-battle-episodes-2026-07-12.zip""]",4872,7869,30868,1,4,2026-07-12,2026-07-12,"{""2026-07-12"":{""decks_with_card"":7869,""games_with_card"":4872,""total_copies"":30868}}"
1155,Survival Brace,trainer,Pokémon Tool,True,"[""2026-07-12""]","[""Imitation-Learning/Top-ladder-data/7-12/pokemon-tcg-ai-battle-episodes-2026-07-12.zip""]",1,1,1,1,1,2026-07-12,2026-07-12,"{""2026-07-12"":{""decks_with_card"":1,""games_with_card"":1,""total_copies"":1}}"
1156,Lucky Helmet,trainer,Pokémon Tool,True,"[""2026-07-12""]","[""Imitation-Learning/Top-ladder-data/7-12/pokemon-tcg-ai-battle-episodes-2026-07-12.zip""]",5,5,5,1,1,2026-07-12,2026-07-12,"{""2026-07-12"":{""decks_with_card"":5,""games_with_card"":5,""total_copies"":5}}"
1158,Maximum Belt,trainer,Pokémon Tool,True,"[""2026-07-12""]","[""Imitation-Learning/Top-ladder-data/7-12/pokemon-tcg-ai-battle-episodes-2026-07-12.zip""]",8,8,8,1,1,2026-07-12,2026-07-12,"{""2026-07-12"":{""decks_with_card"":8,""games_with_card"":8,""total_copies"":8}}"
1159,Hero’s Cape,trainer,Pokémon Tool,True,"[""2026-07-12""]","[""Imitation-Learning/Top-ladder-data/7-12/pokemon-tcg-ai-battle-episodes-2026-07-12.zip""]",3318,4121,4121,1,1,2026-07-12,2026-07-12,"{""2026-07-12"":{""decks_with_card"":4121,""games_with_card"":3318,""total_copies"":4121}}"
1161,Handheld Fan,trainer,Pokémon Tool,True,"[""2026-07-12""]","[""Imitation-Learning/Top-ladder-data/7-12/pokemon-tcg-ai-battle-episodes-2026-07-12.zip""]",515,527,828,1,3,2026-07-12,2026-07-12,"{""2026-07-12"":{""decks_with_card"":527,""games_with_card"":515,""total_copies"":828}}"
1166,Gravity Gemstone,trainer,Pokémon Tool,True,"[""2026-07-12""]","[""Imitation-Learning/Top-ladder-data/7-12/pokemon-tcg-ai-battle-episodes-2026-07-12.zip""]",146,146,584,4,4,2026-07-12,2026-07-12,"{""2026-07-12"":{""decks_with_card"":146,""games_with_card"":146,""total_copies"":584}}"
1167,Deluxe Bomb,trainer,Pokémon Tool,True,"[""2026-07-12""]","[""Imitation-Learning/Top-ladder-data/7-12/pokemon-tcg-ai-battle-episodes-2026-07-12.zip""]",295,295,295,1,1,2026-07-12,2026-07-12,"{""2026-07-12"":{""decks_with_card"":295,""games_with_card"":295,""total_copies"":295}}"
1173,Cynthia's Power Weight,trainer,Pokémon Tool,True,"[""2026-07-12""]","[""Imitation-Learning/Top-ladder-data/7-12/pokemon-tcg-ai-battle-episodes-2026-07-12.zip""]",553,567,1712,2,4,2026-07-12,2026-07-12,"{""2026-07-12"":{""decks_with_card"":567,""games_with_card"":553,""total_copies"":1712}}"
1174,Air Balloon,trainer,Pokémon Tool,True,"[""2026-07-12""]","[""Imitation-Learning/Top-ladder-data/7-12/pokemon-tcg-ai-battle-episodes-2026-07-12.zip""]",112,112,336,1,4,2026-07-12,2026-07-12,"{""2026-07-12"":{""decks_with_card"":112,""games_with_card"":112,""total_copies"":336}}"
1175,Brave Bangle,trainer,Pokémon Tool,True,"[""2026-07-12""]","[""Imitation-Learning/Top-ladder-data/7-12/pokemon-tcg-ai-battle-episodes-2026-07-12.zip""]",452,452,453,1,2,2026-07-12,2026-07-12,"{""2026-07-12"":{""decks_with_card"":452,""games_with_card"":452,""total_copies"":453}}"
1176,Punk Helmet,trainer,Pokémon Tool,True,"[""2026-07-12""]","[""Imitation-Learning/Top-ladder-data/7-12/pokemon-tcg-ai-battle-episodes-2026-07-12.zip""]",2,2,4,2,2,2026-07-12,2026-07-12,"{""2026-07-12"":{""decks_with_card"":2,""games_with_card"":2,""total_copies"":4}}"
1182,Boss’s Orders,trainer,Supporter,True,"[""2026-07-12""]","[""Imitation-Learning/Top-ladder-data/7-12/pokemon-tcg-ai-battle-episodes-2026-07-12.zip""]",4954,8374,21686,1,4,2026-07-12,2026-07-12,"{""2026-07-12"":{""decks_with_card"":8374,""games_with_card"":4954,""total_copies"":21686}}"
1184,Lana’s Aid,trainer,Supporter,True,"[""2026-07-12""]","[""Imitation-Learning/Top-ladder-data/7-12/pokemon-tcg-ai-battle-episodes-2026-07-12.zip""]",3213,3890,4452,1,4,2026-07-12,2026-07-12,"{""2026-07-12"":{""decks_with_card"":3890,""games_with_card"":3213,""total_copies"":4452}}"
1185,Explorer’s Guidance,trainer,Supporter,True,"[""2026-07-12""]","[""Imitation-Learning/Top-ladder-data/7-12/pokemon-tcg-ai-battle-episodes-2026-07-12.zip""]",125,125,488,3,4,2026-07-12,2026-07-12,"{""2026-07-12"":{""decks_with_card"":125,""games_with_card"":125,""total_copies"":488}}"
1186,Eri,trainer,Supporter,True,"[""2026-07-12""]","[""Imitation-Learning/Top-ladder-data/7-12/pokemon-tcg-ai-battle-episodes-2026-07-12.zip""]",417,426,766,1,2,2026-07-12,2026-07-12,"{""2026-07-12"":{""decks_with_card"":426,""games_with_card"":417,""total_copies"":766}}"
1187,Morty’s Conviction,trainer,Supporter,True,"[""2026-07-12""]","[""Imitation-Learning/Top-ladder-data/7-12/pokemon-tcg-ai-battle-episodes-2026-07-12.zip""]",7,7,22,2,4,2026-07-12,2026-07-12,"{""2026-07-12"":{""decks_with_card"":7,""games_with_card"":7,""total_copies"":22}}"
1188,Ciphermaniac’s Codebreaking,trainer,Supporter,True,"[""2026-07-12""]","[""Imitation-Learning/Top-ladder-data/7-12/pokemon-tcg-ai-battle-episodes-2026-07-12.zip""]",2,2,2,1,1,2026-07-12,2026-07-12,"{""2026-07-12"":{""decks_with_card"":2,""games_with_card"":2,""total_copies"":2}}"
1189,Salvatore,trainer,Supporter,True,"[""2026-07-12""]","[""Imitation-Learning/Top-ladder-data/7-12/pokemon-tcg-ai-battle-episodes-2026-07-12.zip""]",106,106,224,2,4,2026-07-12,2026-07-12,"{""2026-07-12"":{""decks_with_card"":106,""games_with_card"":106,""total_copies"":224}}"
1192,Carmine,trainer,Supporter,True,"[""2026-07-12""]","[""Imitation-Learning/Top-ladder-data/7-12/pokemon-tcg-ai-battle-episodes-2026-07-12.zip""]",472,482,1532,2,4,2026-07-12,2026-07-12,"{""2026-07-12"":{""decks_with_card"":482,""games_with_card"":472,""total_copies"":1532}}"
1194,Colress’s Tenacity,trainer,Supporter,True,"[""2026-07-12""]","[""Imitation-Learning/Top-ladder-data/7-12/pokemon-tcg-ai-battle-episodes-2026-07-12.zip""]",282,287,439,1,3,2026-07-12,2026-07-12,"{""2026-07-12"":{""decks_with_card"":287,""games_with_card"":282,""total_copies"":439}}"
1195,Janine’s Secret Art,trainer,Supporter,True,"[""2026-07-12""]","[""Imitation-Learning/Top-ladder-data/7-12/pokemon-tcg-ai-battle-episodes-2026-07-12.zip""]",2,2,2,1,1,2026-07-12,2026-07-12,"{""2026-07-12"":{""decks_with_card"":2,""games_with_card"":2,""total_copies"":2}}"
1197,Xerosic’s Machinations,trainer,Supporter,True,"[""2026-07-12""]","[""Imitation-Learning/Top-ladder-data/7-12/pokemon-tcg-ai-battle-episodes-2026-07-12.zip""]",4871,8011,21629,1,4,2026-07-12,2026-07-12,"{""2026-07-12"":{""decks_with_card"":8011,""games_with_card"":4871,""total_copies"":21629}}"
1198,Crispin,trainer,Supporter,True,"[""2026-07-12""]","[""Imitation-Learning/Top-ladder-data/7-12/pokemon-tcg-ai-battle-episodes-2026-07-12.zip""]",970,1018,3609,3,4,2026-07-12,2026-07-12,"{""2026-07-12"":{""decks_with_card"":1018,""games_with_card"":970,""total_copies"":3609}}"
1202,Drayton,trainer,Supporter,True,"[""2026-07-12""]","[""Imitation-Learning/Top-ladder-data/7-12/pokemon-tcg-ai-battle-episodes-2026-07-12.zip""]",175,178,254,1,2,2026-07-12,2026-07-12,"{""2026-07-12"":{""decks_with_card"":178,""games_with_card"":175,""total_copies"":254}}"
1203,Surfer,trainer,Supporter,True,"[""2026-07-12""]","[""Imitation-Learning/Top-ladder-data/7-12/pokemon-tcg-ai-battle-episodes-2026-07-12.zip""]",364,375,375,1,1,2026-07-12,2026-07-12,"{""2026-07-12"":{""decks_with_card"":375,""games_with_card"":364,""total_copies"":375}}"
1204,Lisia’s Appeal,trainer,Supporter,True,"[""2026-07-12""]","[""Imitation-Learning/Top-ladder-data/7-12/pokemon-tcg-ai-battle-episodes-2026-07-12.zip""]",367,372,464,1,2,2026-07-12,2026-07-12,"{""2026-07-12"":{""decks_with_card"":372,""games_with_card"":367,""total_copies"":464}}"
1205,Cyrano,trainer,Supporter,True,"[""2026-07-12""]","[""Imitation-Learning/Top-ladder-data/7-12/pokemon-tcg-ai-battle-episodes-2026-07-12.zip""]",16,16,42,2,3,2026-07-12,2026-07-12,"{""2026-07-12"":{""decks_with_card"":16,""games_with_card"":16,""total_copies"":42}}"
1206,Larry’s Skill,trainer,Supporter,True,"[""2026-07-12""]","[""Imitation-Learning/Top-ladder-data/7-12/pokemon-tcg-ai-battle-episodes-2026-07-12.zip""]",14,14,14,1,1,2026-07-12,2026-07-12,"{""2026-07-12"":{""decks_with_card"":14,""games_with_card"":14,""total_copies"":14}}"
1208,Iris’s Fighting Spirit,trainer,Supporter,True,"[""2026-07-12""]","[""Imitation-Learning/Top-ladder-data/7-12/pokemon-tcg-ai-battle-episodes-2026-07-12.zip""]",155,156,248,1,4,2026-07-12,2026-07-12,"{""2026-07-12"":{""decks_with_card"":156,""games_with_card"":155,""total_copies"":248}}"
1210,Brock’s Scouting,trainer,Supporter,True,"[""2026-07-12""]","[""Imitation-Learning/Top-ladder-data/7-12/pokemon-tcg-ai-battle-episodes-2026-07-12.zip""]",541,551,2161,2,4,2026-07-12,2026-07-12,"{""2026-07-12"":{""decks_with_card"":551,""games_with_card"":541,""total_copies"":2161}}"
1211,Black Belt’s Training,trainer,Supporter,True,"[""2026-07-12""]","[""Imitation-Learning/Top-ladder-data/7-12/pokemon-tcg-ai-battle-episodes-2026-07-12.zip""]",9,9,17,1,2,2026-07-12,2026-07-12,"{""2026-07-12"":{""decks_with_card"":9,""games_with_card"":9,""total_copies"":17}}"
1212,Cook,trainer,Supporter,True,"[""2026-07-12""]","[""Imitation-Learning/Top-ladder-data/7-12/pokemon-tcg-ai-battle-episodes-2026-07-12.zip""]",79,79,93,1,2,2026-07-12,2026-07-12,"{""2026-07-12"":{""decks_with_card"":79,""games_with_card"":79,""total_copies"":93}}"
1213,Judge,trainer,Supporter,True,"[""2026-07-12""]","[""Imitation-Learning/Top-ladder-data/7-12/pokemon-tcg-ai-battle-episodes-2026-07-12.zip""]",965,1001,1875,1,4,2026-07-12,2026-07-12,"{""2026-07-12"":{""decks_with_card"":1001,""games_with_card"":965,""total_copies"":1875}}"
1216,Team Rocket's Ariana,trainer,Supporter,True,"[""2026-07-12""]","[""Imitation-Learning/Top-ladder-data/7-12/pokemon-tcg-ai-battle-episodes-2026-07-12.zip""]",457,457,1828,4,4,2026-07-12,2026-07-12,"{""2026-07-12"":{""decks_with_card"":457,""games_with_card"":457,""total_copies"":1828}}"
1217,Team Rocket's Archer,trainer,Supporter,True,"[""2026-07-12""]","[""Imitation-Learning/Top-ladder-data/7-12/pokemon-tcg-ai-battle-episodes-2026-07-12.zip""]",457,457,469,1,3,2026-07-12,2026-07-12,"{""2026-07-12"":{""decks_with_card"":457,""games_with_card"":457,""total_copies"":469}}"
1218,Team Rocket's Giovanni,trainer,Supporter,True,"[""2026-07-12""]","[""Imitation-Learning/Top-ladder-data/7-12/pokemon-tcg-ai-battle-episodes-2026-07-12.zip""]",457,457,1377,3,4,2026-07-12,2026-07-12,"{""2026-07-12"":{""decks_with_card"":457,""games_with_card"":457,""total_copies"":1377}}"
1219,Team Rocket's Petrel,trainer,Supporter,True,"[""2026-07-12""]","[""Imitation-Learning/Top-ladder-data/7-12/pokemon-tcg-ai-battle-episodes-2026-07-12.zip""]",945,1000,3991,1,4,2026-07-12,2026-07-12,"{""2026-07-12"":{""decks_with_card"":1000,""games_with_card"":945,""total_copies"":3991}}"
1220,Team Rocket's Proton,trainer,Supporter,True,"[""2026-07-12""]","[""Imitation-Learning/Top-ladder-data/7-12/pokemon-tcg-ai-battle-episodes-2026-07-12.zip""]",457,457,1828,4,4,2026-07-12,2026-07-12,"{""2026-07-12"":{""decks_with_card"":457,""games_with_card"":457,""total_copies"":1828}}"
1223,Harlequin,trainer,Supporter,True,"[""2026-07-12""]","[""Imitation-Learning/Top-ladder-data/7-12/pokemon-tcg-ai-battle-episodes-2026-07-12.zip""]",6,6,12,2,2,2026-07-12,2026-07-12,"{""2026-07-12"":{""decks_with_card"":6,""games_with_card"":6,""total_copies"":12}}"
1224,Cheren,trainer,Supporter,True,"[""2026-07-12""]","[""Imitation-Learning/Top-ladder-data/7-12/pokemon-tcg-ai-battle-episodes-2026-07-12.zip""]",105,105,210,2,2,2026-07-12,2026-07-12,"{""2026-07-12"":{""decks_with_card"":105,""games_with_card"":105,""total_copies"":210}}"
1225,Hilda,trainer,Supporter,True,"[""2026-07-12""]","[""Imitation-Learning/Top-ladder-data/7-12/pokemon-tcg-ai-battle-episodes-2026-07-12.zip""]",4636,7125,27027,2,4,2026-07-12,2026-07-12,"{""2026-07-12"":{""decks_with_card"":7125,""games_with_card"":4636,""total_copies"":27027}}"
1227,Lillie's Determination,trainer,Supporter,True,"[""2026-07-12""]","[""Imitation-Learning/Top-ladder-data/7-12/pokemon-tcg-ai-battle-episodes-2026-07-12.zip""]",4457,6475,24982,1,4,2026-07-12,2026-07-12,"{""2026-07-12"":{""decks_with_card"":6475,""games_with_card"":4457,""total_copies"":24982}}"
1228,Acerola's Mischief,trainer,Supporter,True,"[""2026-07-12""]","[""Imitation-Learning/Top-ladder-data/7-12/pokemon-tcg-ai-battle-episodes-2026-07-12.zip""]",76,76,228,3,3,2026-07-12,2026-07-12,"{""2026-07-12"":{""decks_with_card"":76,""games_with_card"":76,""total_copies"":228}}"
1229,Wally's Compassion,trainer,Supporter,True,"[""2026-07-12""]","[""Imitation-Learning/Top-ladder-data/7-12/pokemon-tcg-ai-battle-episodes-2026-07-12.zip""]",609,615,2089,1,4,2026-07-12,2026-07-12,"{""2026-07-12"":{""decks_with_card"":615,""games_with_card"":609,""total_copies"":2089}}"
1231,Dawn,trainer,Supporter,True,"[""2026-07-12""]","[""Imitation-Learning/Top-ladder-data/7-12/pokemon-tcg-ai-battle-episodes-2026-07-12.zip""]",3764,4789,16806,1,4,2026-07-12,2026-07-12,"{""2026-07-12"":{""decks_with_card"":4789,""games_with_card"":3764,""total_copies"":16806}}"
1236,Urbain,trainer,Supporter,True,"[""2026-07-12""]","[""Imitation-Learning/Top-ladder-data/7-12/pokemon-tcg-ai-battle-episodes-2026-07-12.zip""]",440,446,1784,4,4,2026-07-12,2026-07-12,"{""2026-07-12"":{""decks_with_card"":446,""games_with_card"":440,""total_copies"":1784}}"
1238,Tarragon,trainer,Supporter,True,"[""2026-07-12""]","[""Imitation-Learning/Top-ladder-data/7-12/pokemon-tcg-ai-battle-episodes-2026-07-12.zip""]",4,4,8,2,2,2026-07-12,2026-07-12,"{""2026-07-12"":{""decks_with_card"":4,""games_with_card"":4,""total_copies"":8}}"
1240,Rosa's Encouragement,trainer,Supporter,True,"[""2026-07-12""]","[""Imitation-Learning/Top-ladder-data/7-12/pokemon-tcg-ai-battle-episodes-2026-07-12.zip""]",52,52,52,1,1,2026-07-12,2026-07-12,"{""2026-07-12"":{""decks_with_card"":52,""games_with_card"":52,""total_copies"":52}}"
1242,Community Center,trainer,Stadium,True,"[""2026-07-12""]","[""Imitation-Learning/Top-ladder-data/7-12/pokemon-tcg-ai-battle-episodes-2026-07-12.zip""]",347,354,368,1,2,2026-07-12,2026-07-12,"{""2026-07-12"":{""decks_with_card"":354,""games_with_card"":347,""total_copies"":368}}"
1244,Full Metal Lab,trainer,Stadium,True,"[""2026-07-12""]","[""Imitation-Learning/Top-ladder-data/7-12/pokemon-tcg-ai-battle-episodes-2026-07-12.zip""]",115,117,468,4,4,2026-07-12,2026-07-12,"{""2026-07-12"":{""decks_with_card"":117,""games_with_card"":115,""total_copies"":468}}"
1245,Festival Grounds,trainer,Stadium,True,"[""2026-07-12""]","[""Imitation-Learning/Top-ladder-data/7-12/pokemon-tcg-ai-battle-episodes-2026-07-12.zip""]",2,2,5,1,4,2026-07-12,2026-07-12,"{""2026-07-12"":{""decks_with_card"":2,""games_with_card"":2,""total_copies"":5}}"
1246,Jamming Tower,trainer,Stadium,True,"[""2026-07-12""]","[""Imitation-Learning/Top-ladder-data/7-12/pokemon-tcg-ai-battle-episodes-2026-07-12.zip""]",675,691,1636,1,3,2026-07-12,2026-07-12,"{""2026-07-12"":{""decks_with_card"":691,""games_with_card"":675,""total_copies"":1636}}"
1247,Neutralization Zone,trainer,Stadium,True,"[""2026-07-12""]","[""Imitation-Learning/Top-ladder-data/7-12/pokemon-tcg-ai-battle-episodes-2026-07-12.zip""]",586,603,603,1,1,2026-07-12,2026-07-12,"{""2026-07-12"":{""decks_with_card"":603,""games_with_card"":586,""total_copies"":603}}"
1249,Grand Tree,trainer,Stadium,True,"[""2026-07-12""]","[""Imitation-Learning/Top-ladder-data/7-12/pokemon-tcg-ai-battle-episodes-2026-07-12.zip""]",25,25,25,1,1,2026-07-12,2026-07-12,"{""2026-07-12"":{""decks_with_card"":25,""games_with_card"":25,""total_copies"":25}}"
1250,Area Zero Underdepths,trainer,Stadium,True,"[""2026-07-12""]","[""Imitation-Learning/Top-ladder-data/7-12/pokemon-tcg-ai-battle-episodes-2026-07-12.zip""]",6,6,24,4,4,2026-07-12,2026-07-12,"{""2026-07-12"":{""decks_with_card"":6,""games_with_card"":6,""total_copies"":24}}"
1252,Gravity Mountain,trainer,Stadium,True,"[""2026-07-12""]","[""Imitation-Learning/Top-ladder-data/7-12/pokemon-tcg-ai-battle-episodes-2026-07-12.zip""]",7,7,12,1,2,2026-07-12,2026-07-12,"{""2026-07-12"":{""decks_with_card"":7,""games_with_card"":7,""total_copies"":12}}"
1253,N’s Castle,trainer,Stadium,True,"[""2026-07-12""]","[""Imitation-Learning/Top-ladder-data/7-12/pokemon-tcg-ai-battle-episodes-2026-07-12.zip""]",10,10,22,2,3,2026-07-12,2026-07-12,"{""2026-07-12"":{""decks_with_card"":10,""games_with_card"":10,""total_copies"":22}}"
1256,Team Rocket's Watchtower,trainer,Stadium,True,"[""2026-07-12""]","[""Imitation-Learning/Top-ladder-data/7-12/pokemon-tcg-ai-battle-episodes-2026-07-12.zip""]",75,75,269,1,4,2026-07-12,2026-07-12,"{""2026-07-12"":{""decks_with_card"":75,""games_with_card"":75,""total_copies"":269}}"
1257,Team Rocket's Factory,trainer,Stadium,True,"[""2026-07-12""]","[""Imitation-Learning/Top-ladder-data/7-12/pokemon-tcg-ai-battle-episodes-2026-07-12.zip""]",813,833,1757,1,3,2026-07-12,2026-07-12,"{""2026-07-12"":{""decks_with_card"":833,""games_with_card"":813,""total_copies"":1757}}"
1259,Spikemuth Gym,trainer,Stadium,True,"[""2026-07-12""]","[""Imitation-Learning/Top-ladder-data/7-12/pokemon-tcg-ai-battle-episodes-2026-07-12.zip""]",920,955,3268,2,4,2026-07-12,2026-07-12,"{""2026-07-12"":{""decks_with_card"":955,""games_with_card"":920,""total_copies"":3268}}"
1260,Risky Ruins,trainer,Stadium,True,"[""2026-07-12""]","[""Imitation-Learning/Top-ladder-data/7-12/pokemon-tcg-ai-battle-episodes-2026-07-12.zip""]",518,524,556,1,2,2026-07-12,2026-07-12,"{""2026-07-12"":{""decks_with_card"":524,""games_with_card"":518,""total_copies"":556}}"
1261,Forest of Vitality,trainer,Stadium,True,"[""2026-07-12""]","[""Imitation-Learning/Top-ladder-data/7-12/pokemon-tcg-ai-battle-episodes-2026-07-12.zip""]",545,559,1117,1,2,2026-07-12,2026-07-12,"{""2026-07-12"":{""decks_with_card"":559,""games_with_card"":545,""total_copies"":1117}}"
1262,Surfing Beach,trainer,Stadium,True,"[""2026-07-12""]","[""Imitation-Learning/Top-ladder-data/7-12/pokemon-tcg-ai-battle-episodes-2026-07-12.zip""]",105,105,420,4,4,2026-07-12,2026-07-12,"{""2026-07-12"":{""decks_with_card"":105,""games_with_card"":105,""total_copies"":420}}"
1264,Battle Cage,trainer,Stadium,True,"[""2026-07-12""]","[""Imitation-Learning/Top-ladder-data/7-12/pokemon-tcg-ai-battle-episodes-2026-07-12.zip""]",2349,2591,5235,1,3,2026-07-12,2026-07-12,"{""2026-07-12"":{""decks_with_card"":2591,""games_with_card"":2349,""total_copies"":5235}}"
1266,Nighttime Mine,trainer,Stadium,True,"[""2026-07-12""]","[""Imitation-Learning/Top-ladder-data/7-12/pokemon-tcg-ai-battle-episodes-2026-07-12.zip""]",2263,2528,6855,1,4,2026-07-12,2026-07-12,"{""2026-07-12"":{""decks_with_card"":2528,""games_with_card"":2263,""total_copies"":6855}}"
